From,To,X (pu),Line Rating (MW)
1,2,0.05917,158
1,5,0.22304,700
2,3,0.19797,730
2,4,0.17632,570
2,5,0.17388,410
3,4,0.17103,150
4,5,0.04211,640
4,7,0.20912,330
4,9,0.55618,180
5,6,0.25202,440
6,11,0.1989,80
6,12,0.25581,90
6,13,0.13027,190
7,8,0.17615,300
7,9,0.11001,290
9,10,0.0845,120
9,14,0.27038,120
10,11,0.19207,120
12,13,0.19988,120
13,14,0.34802,120
