Unnamed: 0,Node,a,b,P_max (MW),P_min (MW)
1,1,0.0173,1.8345,50,0
2,2,0.0166,1.07993,75,0
3,3,0.0237,2.038054,55,0
4,6,0.0197,2.158896,50,0
5,8,0.0177,1.9817,40,0
