variable,index,1,2,3,4,5,6,7,8,9,10,11,12,13,14,15,16,17,18,19,20,21,22,23,24
Bid,value,256.4268508212757,260.9822864955436,295.3936954503188,260.9822864955354,276.8601385655437,283.1300000000005,297.8948929262622,297.8948929262701,297.8948929263558,297.8948929262809,310.7882569111787,314.4895969422978,311.45,310.7882569111595,339.3629350316117,313.8116358463758,313.8116358463728,310.78825691118,314.4895969423179,321.1869235530758,297.8948929263099,295.3936954503259,295.3936954502954,297.4079943100979
Block_Dispatch_d,1,0.014,0.014,0.014,0.014,0.014,0.014,0.014,0.01399999999999999,0.01399998721761132,0.01399999999999999,0.014,0.014,0.01399998473231869,0.014,0.014,0.01399999999999999,0.014,0.014,0.01399998266175561,0.01399998493697606,0.01399999999999999,0.014,0.01399998193055656,0.014
Block_Dispatch_d,1,0.014,0.014,0.014,0.014,0.014,0.014,0.014,0.014,0.01399998032273894,0.014,0.014,0.014,0.01399997740481058,0.014,0.014,0.014,0.014,0.014,0.01399997521570708,0.01399997680465456,0.014,0.014,0.01399997355934571,0.014
Block_Dispatch_d,1,0.014,0.014,0.014,0.014,0.014,0.014,0.014,0.014,0.01399996711516982,0.014,0.014,0.014,0.01399996372447882,0.014,0.014,0.014,0.014,0.014,0.01399996204842269,0.01399996067615823,0.014,0.014,0.01399995890248683,0.014
Block_Dispatch_d,1,0.014,0.01399943358224912,0.007622358482071149,0.014,0.014,0.014,0.014,0.014,0.01399992999486408,0.014,0.014,0.014,0.01399992732754268,0.014,0.014,0.014,0.014,0.014,0.01399992962534867,0.01399991325518797,0.014,0.014,0.01399992124814156,0.014
Block_Dispatch_d,1,0.0,0.0,0.0,0.0,0.0,0.0,0.0002184678151345002,0.01022592326895699,0.01398820902554521,0.01094262997710654,0.01343388160657705,0.007365878429217795,0.01397802374404401,0.005585848939840279,0.01399867826193407,0.01033023102375339,0.01139921996139597,0.01114125871043352,0.00892991042863124,0.01399378559419447,0.01289863556760265,0.004559690020932395,3.988620806919669e-07,0.00789774199517198
Block_Dispatch_d,2,0.011,0.01099997861240463,0.011,0.01099983329717629,0.01099998872318364,0.011,0.011,0.011,0.011,0.011,0.011,0.011,0.011,0.011,0.011,0.01099982711434074,0.011,0.011,0.011,0.011,0.011,0.011,0.011,0.01099999999999999
Block_Dispatch_d,2,0.011,0.01099996881585802,0.011,0.01099983329717629,0.01099998409983644,0.011,0.011,0.011,0.011,0.011,0.011,0.011,0.011,0.011,0.011,0.01099982711434074,0.011,0.011,0.011,0.011,0.011,0.011,0.011,0.011
Block_Dispatch_d,2,0.011,0.01099995444292356,0.011,0.01099983329717629,0.01099997671983022,0.011,0.011,0.011,0.011,0.011,0.011,0.011,0.011,0.011,0.011,0.01099982711434074,0.011,0.011,0.011,0.011,0.011,0.011,0.011,0.011
Block_Dispatch_d,2,0.011,0.01099993441265357,0.011,0.011,0.01099996245716303,0.011,0.011,0.011,0.011,0.011,0.011,0.011,0.011,0.011,0.011,0.01099982711434074,0.011,0.011,0.011,0.011,0.011,0.011,0.011,0.011
Block_Dispatch_d,2,0.01099949902868875,0.004269908736291724,0.0,0.01099983329717629,0.01099990701115527,0.011,0.01099981817993763,0.011,0.011,0.011,0.011,0.011,0.011,0.011,0.01099985777291295,0.01099982711434074,0.011,0.01099681756494006,0.011,0.011,0.011,0.011,0.01099967942345699,0.01099983047966691
Block_Dispatch_d,3,0.013,0.013,0.013,0.013,0.013,0.01299999999999999,0.013,0.013,0.01299999999999999,0.013,0.01299999999999999,0.013,0.013,0.013,0.013,0.013,0.013,0.013,0.013,0.013,0.013,0.01299999999999999,0.013,0.013
Block_Dispatch_d,3,0.013,0.01300014124248954,0.004314646316805813,0.013,0.013,0.013,0.013,0.013,0.013,0.013,0.013,0.013,0.013,0.013,0.013,0.013,0.013,0.013,0.013,0.013,0.013,0.013,0.013,0.013
Block_Dispatch_d,3,0.007016171307273535,0.0,0.0,0.013,0.013,0.013,0.01299990339782368,0.013,0.013,0.013,0.013,0.013,0.013,0.013,0.013,0.013,0.013,0.013,0.013,0.013,0.013,0.013,0.013,0.013
Block_Dispatch_d,3,0.0,0.0,0.0,0.0,5.294131967916284e-06,1.216343676409878e-06,8.210651924189796e-07,0.01299824929329033,0.01299846334867381,0.01299509590659187,0.01299876003173616,7.567051444956141e-07,1.76754515908901e-05,0.00938801482621986,1.672414519569149e-06,4.567922083045903e-06,0.01299596355334194,0.002538765186072419,1.806571534234574e-06,0.01299893923595086,0.01299688401262469,9.134476572209265e-07,0.009798695740192914,0.009478348304448958
Block_Dispatch_d,3,0.0,0.0,0.0,0.0,0.0,0.0,0.0,0.0,0.0,0.0,0.0,0.0,0.0,0.0,0.0,0.0,0.0,0.0,0.0,0.0,0.0,0.0,0.0,0.0
Block_Dispatch_d,4,0.015,0.015,0.015,0.015,0.015,0.015,0.015,0.015,0.015,0.015,0.015,0.015,0.015,0.015,0.015,0.015,0.015,0.015,0.015,0.015,0.015,0.015,0.015,0.01499998151330491
Block_Dispatch_d,4,0.015,0.015,0.015,0.015,0.015,0.015,0.015,0.015,0.015,0.015,0.015,0.015,0.015,0.015,0.015,0.015,0.015,0.015,0.015,0.015,0.015,0.015,0.015,0.01499998151330491
Block_Dispatch_d,4,0.015,0.015,0.015,0.015,0.015,0.015,0.015,0.015,0.015,0.015,0.015,0.015,0.015,0.015,0.015,0.015,0.015,0.015,0.015,0.015,0.015,0.015,0.015,0.01499998151330491
Block_Dispatch_d,4,0.015,0.015,0.015,0.015,0.015,0.015,0.015,0.015,0.015,0.015,0.015,0.015,0.015,0.015,0.015,0.015,0.015,0.015,0.015,0.015,0.015,0.015,0.015,0.01499998151330491
Block_Dispatch_d,4,0.015,0.01500001931394016,0.01499999841074199,0.015,0.01500041512497957,0.015,0.01500068504768045,0.015,0.015,0.015,0.01499998100268729,0.01499647368720273,0.015,0.01499959800301981,0.01499997872289609,0.01499975821141274,0.015,0.01499956808973854,0.015,0.015,0.015,0.01499998202554738,0.015,0.01499998151330491
Block_Dispatch_d,5,0.01999991020233624,0.02,0.01999997475268047,0.02,0.02,0.01999991785756791,0.02,0.02,0.02,0.02,0.02,0.02,0.02,0.02,0.02,0.02,0.02,0.02,0.02,0.02,0.02,0.02,0.02,0.02
Block_Dispatch_d,5,4.010489321052462e-06,1.25211405469644e-07,0.0,0.02,0.02,0.01999934853388261,0.02,0.02,0.02,0.02,0.02,0.02,0.02,0.02,0.01999985457774555,0.02,0.02,0.02,0.02,0.02,0.01999880102620104,0.01999914019314563,0.01999324406791115,0.01999964641792917
Block_Dispatch_d,5,0.0,0.0,0.0,0.0,0.0,3.545817676975372e-08,0.0,0.0,0.0,0.0,0.0,0.0,0.0,0.0,0.0,0.0,0.0,0.0,0.0,0.0,0.0,0.0,0.0,0.0
Block_Dispatch_d,5,0.0,0.0,0.0,0.0,0.0,2.835340212283953e-08,0.0,0.0,0.0,0.0,0.0,0.0,0.0,0.0,0.0,0.0,0.0,0.0,0.0,0.0,0.0,0.0,0.0,0.0
Block_Dispatch_d,5,0.0,0.0,0.0,0.0,0.0,1.935809848833613e-08,0.0,0.0,0.0,0.0,0.0,0.0,0.0,0.0,0.0,0.0,0.0,0.0,0.0,0.0,0.0,0.0,0.0,0.0
Block_Dispatch_t,1,0.1,0.1,0.1,0.1,0.1,0.1,0.1,0.1,0.1,0.1,0.1,0.1,0.1,0.1,0.1,0.1,0.1,0.1,0.1,0.1,0.1,0.1,0.1,0.1
Block_Dispatch_t,1,0.0674381292034311,0.1,0.0,0.09999968807350454,0.1,0.1,0.1,0.1,0.1,0.1,0.1,0.1,0.1,0.1,0.1,0.1,0.1,0.1,0.1,0.1,0.1,0.1,0.0697942151156768,0.0
Block_Dispatch_t,1,0.0,0.0,0.0,0.0,0.0,0.0,0.0,0.07412617793498621,0.1,0.09405063685635048,0.1,0.1,0.1,0.1,0.1,0.1,0.1,0.1,0.1,0.07841178683445926,0.0756506397838831,0.0,0.0,0.0
Block_Dispatch_t,1,0.0,0.0,0.0,0.0,0.0,0.0,0.0,0.0,0.0,0.0,0.0,0.0,0.0,0.0,0.0,0.0,0.0,0.0,0.0,0.0,0.0,0.0,0.0,0.0
Block_Dispatch_t,1,0.0,0.0,0.0,0.0,0.0,0.0,0.0,0.0,0.0,0.0,0.0,0.0,0.0,0.0,0.0,0.0,0.0,0.0,0.0,0.0,0.0,0.0,0.0,0.0
Block_Dispatch_t,2,0.15,0.15,0.15,0.15,0.15,0.15,0.15,0.15,0.15,0.15,0.15,0.15,0.15,0.15,0.15,0.15,0.15,0.15,0.15,0.15,0.15,0.15,0.15,0.15
Block_Dispatch_t,2,0.15,0.15,0.15,0.15,0.15,0.15,0.15,0.15,0.15,0.15,0.15,0.15,0.15,0.15,0.15,0.15,0.15,0.15,0.15,0.15,0.15,0.15,0.15,0.15
Block_Dispatch_t,2,0.0,0.0,0.15,0.0,0.06866111478914164,0.15,0.15,0.15,0.15,0.15,0.15,0.15,0.15,0.15,0.15,0.15,0.15,0.15,0.15,0.15,0.15,0.15,0.15,0.08348646630196052
Block_Dispatch_t,2,0.0,0.0,0.0,0.0,0.0,0.0,0.0,0.0,0.0,0.0,0.06307481919457653,0.0,0.15,0.1499999916673,0.15,0.1185374230341047,0.1437761856220393,0.15,0.0,0.0,0.0,0.0,0.0,0.0
Block_Dispatch_t,2,0.0,0.0,0.0,0.0,0.0,0.0,0.0,0.0,0.0,0.0,0.0,0.0,0.0,0.0,0.0,0.0,0.0,0.0,0.0,0.0,0.0,0.0,0.0,0.0
Block_Dispatch_t,3,0.0,0.0148831496139345,0.1100000000000136,0.02072739235248821,0.1100000000000136,0.1100000000000136,0.1100000000000136,0.1100000000000136,0.1100000000000136,0.1100000000000136,0.1100000000000136,0.1100000000000136,0.1100000000000136,0.1100000000000136,0.1100000000000136,0.1100000000000136,0.1100000000000136,0.1100000000000136,0.1100000000000136,0.1100000000000136,0.1100000000000136,0.1100000000000136,0.1100000000000136,0.1100000000000136
Block_Dispatch_t,3,0.0,0.0,0.0,0.0,0.0,0.0,0.0,0.0,0.0,0.0,0.0,0.08660728673636517,0.1100000000000136,0.07319096770225868,0.1100000000000136,0.1100000000000136,0.1100000000000136,0.04865251544043887,0.09758768238378832,0.0,0.0,0.0,0.0,0.0
Block_Dispatch_t,3,0.0,0.0,0.0,0.0,0.0,0.0,0.0,0.0,0.0,0.0,0.0,0.0,0.0,0.0,0.0,0.0,0.0,0.0,0.0,0.0,0.0,0.0,0.0,0.0
Block_Dispatch_t,3,0.0,0.0,0.0,0.0,0.0,0.0,0.0,0.0,0.0,0.0,0.0,0.0,0.0,0.0,0.0,0.0,0.0,0.0,0.0,0.0,0.0,0.0,0.0,0.0
Block_Dispatch_t,3,0.0,0.0,0.0,0.0,0.0,0.0,0.0,0.0,0.0,0.0,0.0,0.0,0.0,0.0,0.0,0.0,0.0,0.0,0.0,0.0,0.0,0.0,0.0,0.0
Block_Dispatch_t,4,0.0,0.1,0.1,0.1,0.1,0.1,0.1,0.1,0.1,0.1,0.1,0.1,0.1,0.1,0.1,0.1,0.1,0.1,0.1,0.1,0.1,0.1,0.1,0.1
Block_Dispatch_t,4,0.0,0.0,0.0,0.0,0.0,0.0,0.0,2.340984835424998e-07,0.01154506765298838,0.0,0.1,0.1,0.1,0.1,0.1,0.1,0.1,0.1,0.1,0.1,0.0,0.0,0.0,0.0
Block_Dispatch_t,4,0.0,0.0,0.0,0.0,0.0,0.0,0.0,0.0,0.0,0.0,0.0,0.0,0.0,0.0,0.0,0.0,0.0,0.0,0.0,0.0,0.0,0.0,0.0,0.0
Block_Dispatch_t,4,0.0,0.0,0.0,0.0,0.0,0.0,0.0,0.0,0.0,0.0,0.0,0.0,0.0,0.0,0.0,0.0,0.0,0.0,0.0,0.0,0.0,0.0,0.0,0.0
Block_Dispatch_t,4,0.0,0.0,0.0,0.0,0.0,0.0,0.0,0.0,0.0,0.0,0.0,0.0,0.0,0.0,0.0,0.0,0.0,0.0,0.0,0.0,0.0,0.0,0.0,0.0
Block_Dispatch_t,5,0.08000000000004093,0.08000000000004093,0.08000000000004093,0.08000000000004093,0.08000000000004093,0.08000000000004093,0.08000000000004093,0.08000000000004093,0.08000000000004093,0.08000000000004093,0.08000000000004093,0.08000000000004093,0.08000000000004093,0.08000000000004093,0.08000000000004093,0.08000000000004093,0.08000000000004093,0.08000000000004093,0.08000000000004093,0.08000000000004093,0.08000000000004093,0.08000000000004093,0.08000000000004093,0.08000000000004093
Block_Dispatch_t,5,0.08000000000004093,0.08000000000004093,0.08000000000004093,0.08000000000004093,0.08000000000004093,0.08000000000004093,0.08000000000004093,0.08000000000004093,0.08000000000004093,0.08000000000004093,0.08000000000004093,0.08000000000004093,0.08000000000004093,0.08000000000004093,0.08000000000004093,0.08000000000004093,0.08000000000004093,0.08000000000004093,0.08000000000004093,0.08000000000004093,0.08000000000004093,0.08000000000004093,0.08000000000004093,0.08000000000004093
Block_Dispatch_t,5,0.0,0.0,0.0,0.0,0.0,0.01938224492928101,0.08000000000004093,0.08000000000004093,0.08000000000004093,0.08000000000004093,0.08000000000004093,0.08000000000004093,0.08000000000004093,0.08000000000004093,0.08000000000004093,0.08000000000004093,0.08000000000004093,0.08000000000004093,0.08000000000004093,0.08000000000004093,0.08000000000004093,0.0,0.0,0.0
Block_Dispatch_t,5,0.0,0.0,0.0,0.0,0.0,0.0,0.0,0.0,0.0,0.0,0.0,0.0,0.01628219975199502,0.0,0.08000000000004093,0.0,0.0,0.0,0.0,9.99954602731723e-08,0.0,0.0,0.0,0.0
Block_Dispatch_t,5,0.0,0.0,0.0,0.0,0.0,0.0,0.0,0.0,0.0,0.0,0.0,0.0,0.0,0.0,0.0,0.0,0.0,0.0,0.0,0.0,0.0,0.0,0.0,0.0
Carbon_D,1,0.0,0.0,0.0,0.0,0.0,-17.14509558069285,0.0,-19.29290972920658,0.0,-13.69640993755321,0.0,-13.86221056439307,-14.33507890451457,0.0,0.0,0.0,-15.14682480062702,0.0,0.0,-27.79720998337598,-16.69321517222657,0.0,0.0,0.0
Carbon_D,2,0.0,0.0,0.0,0.0,0.0,0.0,0.0,0.0,0.0,0.0,0.0,0.0,0.0,0.0,0.0,-10.46733813583449,0.0,0.0,0.0,0.0,0.0,-12.61663579999273,0.0,0.0
Carbon_D,3,0.0,0.0,-12.50751214815315,0.0,-20.82741078855937,0.0,-22.96982068599043,0.0,0.0,0.0,-19.49609065433796,0.0,0.0,0.0,0.0,0.0,0.0,0.0,0.0,0.0,0.0,0.0,0.0,0.0
Carbon_D,4,-15.32426346282751,0.0,0.0,0.0,0.0,0.0,0.0,0.0,-17.53217574711364,0.0,0.0,0.0,0.0,-8.154009372761806,-19.56008399613086,0.0,0.0,0.0,0.0,0.0,0.0,0.0,-14.91312099784166,0.0
Carbon_D,5,0.0,-15.02450008746255,0.0,-22.83770672807978,0.0,0.0,0.0,0.0,0.0,0.0,0.0,0.0,0.0,0.0,0.0,0.0,0.0,-12.85285047541808,-16.19186403999195,0.0,0.0,0.0,0.0,-29.36278077749643
Carbon_Price,value,0.01389263157978251,0.03064918154757097,0.1572268647477417,0.03064918154763219,0.08905369883596537,0.0,0.03915578947340869,0.03915578947342414,0.03915578947418527,0.0391557894734711,0.01644673792855755,0.03896919156810048,0.0,0.01644673792848028,0.06441894736854928,0.03027738264583713,0.03027738264580382,0.01644673792856954,0.03896919156819776,0.124832353244543,0.03915578947359721,0.1572268647476809,0.1572268647476436,0.1830512091038198
Carbon_SE,value,15.32426346282751,15.02450008746255,12.50751214815315,22.83770672807978,20.82741078855937,17.14509558069285,22.96982068599043,19.29290972920658,17.53217574711364,13.69640993755321,19.49609065433796,13.86221056439307,14.33507890451457,8.154009372761806,19.56008399613086,10.46733813583449,15.14682480062702,12.85285047541808,16.19186403999195,27.79720998337598,16.69321517222657,12.61663579999273,14.91312099784166,29.36278077749643
Carbon_T,1,15.32426346282751,0.0,0.0,0.0,0.0,0.0,0.0,0.0,17.53217574711364,0.0,19.49609065433796,0.0,0.0,0.0,0.0,0.0,0.0,0.0,0.0,0.0,0.0,0.0,0.0,29.36278077749643
Carbon_T,2,0.0,0.0,0.0,22.83770672807978,0.0,0.0,22.96982068599043,0.0,0.0,0.0,0.0,0.0,0.0,0.0,0.0,0.0,0.0,12.85285047541808,16.19186403999195,0.0,0.0,0.0,14.91312099784166,0.0
Carbon_T,3,0.0,0.0,12.50751214815315,0.0,20.82741078855937,0.0,0.0,0.0,0.0,0.0,0.0,0.0,0.0,0.0,0.0,0.0,0.0,0.0,0.0,0.0,0.0,12.61663579999273,0.0,0.0
Carbon_T,4,0.0,0.0,0.0,0.0,0.0,17.14509558069285,0.0,19.29290972920658,0.0,13.69640993755321,0.0,13.86221056439307,14.33507890451457,0.0,0.0,10.46733813583449,15.14682480062702,0.0,0.0,0.0,16.69321517222657,0.0,0.0,0.0
Carbon_T,5,0.0,15.02450008746255,0.0,0.0,0.0,0.0,0.0,0.0,0.0,0.0,0.0,0.0,0.0,8.154009372761806,19.56008399613086,0.0,0.0,0.0,0.0,27.79720998337598,0.0,0.0,0.0,0.0
DSO_MKT,value,-46.87781135037863,-38.22148389046045,-31.23573444774763,-49.82697591258511,-52.75282712206229,-53.13437149312784,-55.30442731623285,-62.0240094604668,-61.76268954250578,-55.99502901951511,-59.46419003693266,-43.02689801850423,-53.8645923871467,-45.616734292326,-56.01084863363013,-46.92195062376115,-57.54439453172094,-54.37468021100153,-47.07467197469055,-64.2099113701049,-57.87060329143178,-48.75905491394884,-47.11768544787526,-51.8563787711409
Dist_Flow,1,-0.183987744345308,-0.1485938967899103,-0.11270601470536,-0.1939161411075974,-0.1975680617479523,-0.1880415969666229,-0.1889676736724127,-0.2111132666200692,-0.2100019355763007,-0.1901306878600378,-0.1927241685729519,-0.1388922358073247,-0.1733049724903259,-0.1475670647727677,-0.1689965456620285,-0.1508919362497254,-0.1851941839984621,-0.1760012008495453,-0.152059005682964,-0.2110887722958069,-0.1968300206810948,-0.1721055934848558,-0.1677373434922523,-0.1927430548621666
Dist_Flow,2,-0.1850599509629437,-0.1496867047796185,-0.1137142485888244,-0.1949655414546923,-0.1987012923079194,-0.1893875974942099,-0.190589754021405,-0.2132215799443798,-0.2125457573777169,-0.1931091920115877,-0.1960294180577269,-0.1424885571496383,-0.1770824503602267,-0.1514540619558119,-0.1727994697107906,-0.1546341247445948,-0.1886459504040484,-0.1790539320239456,-0.1547491780538706,-0.2134528403289765,-0.1989031794801532,-0.1739293241283495,-0.1693191119838473,-0.1941180280555562
Dist_Flow,3,-0.1886788179279069,-0.1535043685939564,-0.1170611142567144,-0.1983961658767215,-0.2023901380521869,-0.1936416298605872,-0.1947121448911312,-0.2182392558754034,-0.2179634379597314,-0.1988177844715875,-0.2019561944701182,-0.1485244256096392,-0.1831910471922112,-0.1575626585557383,-0.1779645455188797,-0.1604518095646626,-0.1941727231095205,-0.1842170644839402,-0.1595850348965463,-0.2179977843908214,-0.2032299394258054,-0.1777659185328547,-0.1728119200985695,-0.1976071533060165
Dist_Flow,4,-0.02991795850727353,-0.02290193010915621,-0.01421646947312846,-0.03598962769707238,-0.03698718171738365,-0.03581599923817707,-0.03661476548658481,-0.04932185889329034,-0.04914752574867381,-0.04908597590659197,-0.04763536292537114,-0.03463712341310031,-0.03465408778976792,-0.04547889482621986,-0.03615026440713193,-0.03490279337425838,-0.04937775555334194,-0.03778612598779117,-0.03538002923981311,-0.04961346083595086,-0.0496404968126247,-0.0355108014709373,-0.04619743076202174,-0.04629619524517034
Dist_Flow,4,-0.1624281747401769,-0.1343583699865798,-0.1064077395826882,-0.165847351688624,-0.1688251875341829,-0.1613274058246348,-0.1614892570570322,-0.1724005250614963,-0.1723170217925002,-0.1532553492765934,-0.1579203621812912,-0.1176145796181235,-0.1523099879265985,-0.1158323176086152,-0.1454735786860278,-0.1294860694348275,-0.1486572732452542,-0.1504481383620717,-0.1282867795185835,-0.1723582498752521,-0.1575004557908099,-0.1461783929532956,-0.1303863376994768,-0.1550075765459064
Dist_Flow,6,-0.1654823318065744,-0.1374363731364961,-0.109416700789336,-0.1687697216677278,-0.1717526421869679,-0.1643494506854876,-0.1646626347433695,-0.1758062246990273,-0.1759372714073764,-0.1569449390919338,-0.1616209180123096,-0.1213398471458546,-0.1560647457619622,-0.1195698848556624,-0.1491408072724602,-0.1331363626847329,-0.1521679827720664,-0.1538722888280659,-0.1316819805300307,-0.1756873141012844,-0.1607859065061392,-0.149477800102318,-0.1336276119576289,-0.1581381798705262
Dist_Flow,7,-0.1671829298631743,-0.1393249956457197,-0.1110098643818206,-0.1702897470858296,-0.1733868531775325,-0.166340894907565,-0.1667406292784313,-0.1784352451671185,-0.1789793594723829,-0.1604026806063263,-0.1654969390716769,-0.1257044405312492,-0.1605608785693265,-0.1240358222278129,-0.1533333074824645,-0.1376308013107116,-0.1561262348676999,-0.1576067546089407,-0.1351067906471623,-0.1785439726959174,-0.1632928404128067,-0.1518758650131151,-0.1356322877066063,-0.1599088587304986
Dist_Flow,8,-0.1689633976774015,-0.1411129434091969,-0.1127146597139077,-0.1719537724035427,-0.1750525824568449,-0.1680864393430579,-0.1686583082990365,-0.1806484782397703,-0.1814827558675589,-0.163087224939825,-0.1682579072453362,-0.1285096392272257,-0.1633641454604887,-0.1269061670488074,-0.1562289988866725,-0.1406536732735568,-0.1592484240499986,-0.1608088015430763,-0.1382381862490789,-0.1814837458689331,-0.1659756843708983,-0.1543084858861837,-0.1378395841318302,-0.1619699172226874
Dist_Flow,9,-0.06917507421693052,-0.06917074071131993,-0.06935602169264254,-0.0696053958176422,-0.06937761134554246,-0.06914609899013875,-0.0684077116056824,-0.06753586302314264,-0.06707577716782515,-0.06616104487885602,-0.06693597840852701,-0.06508439064272759,-0.0659328405165625,-0.06537047595611295,-0.06531996415411076,-0.06508772345781845,-0.06521030687688455,-0.06553392991952273,-0.06597107160613462,-0.06665130360644357,-0.06638824152580806,-0.06710816652410774,-0.06760841901182053,-0.06828411554137175
Dist_Flow,9,-0.09263520500927108,-0.07532046401723684,-0.0563409000242041,-0.104975885160714,-0.1084347458779389,-0.09923241815862922,-0.1059808337332132,-0.1062057069988584,-0.1111705920660592,-0.100543115319317,-0.09446354293436661,-0.07812664679940526,-0.09164496202956439,-0.07478573205434226,-0.1023690020882822,-0.08145210553390912,-0.08980322763753221,-0.08880456917665863,-0.08146811753426063,-0.1081412251882666,-0.100779240009664,-0.1013405666594155,-0.08346573763263056,-0.1067911601872506
Dist_Flow,10,-0.07065082114487992,-0.07064845519419981,-0.07065031592415988,-0.07072001887075695,-0.07045892608886016,-0.0700857116008701,-0.06933548954409768,-0.06849636908159044,-0.06813802034111041,-0.06737470530946177,-0.06843699002832104,-0.06694655702127168,-0.06824092675490391,-0.0681757015171297,-0.06841920019856255,-0.06862390067487234,-0.06900000282203407,-0.0694367382146056,-0.06980457875018407,-0.07019490916489694,-0.0696616970474992,-0.06996874373696307,-0.07013611588391329,-0.0704157534310562
Dist_Flow,11,-0.09653979609639435,-0.07944158161443457,-0.06025874847122255,-0.1087774156196418,-0.11229995103434,-0.1035562646358251,-0.1107386564363169,-0.1117093722306735,-0.1173215580428521,-0.1072902058912151,-0.1014726929566383,-0.08572308662415966,-0.0991779942569855,-0.0823527674222184,-0.1098514477861583,-0.08880299177340954,-0.09657911589218593,-0.09512677434959357,-0.08739161431827967,-0.1136511808444194,-0.1059518193681221,-0.1065448639585974,-0.0880930730223147,-0.1111509359250191
Dist_Flow,11,0.000836372,0.000836372,0.0008000080000000001,0.000836372,0.0009091,0.00109092,0.001418196,0.001854564,0.002290932,0.0027273,0.003054576,0.003345488,0.003527308,0.0036364,0.0036364,0.003490944,0.003200032,0.002800028,0.002436388,0.002109112,0.0018182,0.001600016,0.001381832,0.001163648
Dist_Flow,12,-0.07342907520000005,-0.07342909618060682,-0.07342907361074198,-0.07338543840000006,-0.07321130799164623,-0.07290543360000008,-0.07246975231434712,-0.07199152948048974,-0.07188774453197543,-0.07115996160000007,-0.07226271141994003,-0.07076958313936306,-0.07211627733327083,-0.07211956920302001,-0.07216964038324697,-0.07235245901141274,-0.07258091039871224,-0.07287591048973864,-0.07313791024258422,-0.0733696777553508,-0.07282354176138742,-0.07303644564727547,-0.07316736068394147,-0.07329883532103904
Dist_Flow,13,-0.09988456789441998,-0.08283497898931784,-0.06354945998900005,-0.1119691718588625,-0.1154612092307914,-0.1067481461958894,-0.1138964166370104,-0.1149073853780001,-0.120562630685065,-0.1105884014140885,-0.1047841610452125,-0.089137634316153,-0.1026103107094889,-0.0858042015604815,-0.1133361074776573,-0.09238073352386059,-0.1001616073691584,-0.09879492930140704,-0.09111292414574307,-0.1173603592724566,-0.1096146204997539,-0.1102366841091379,-0.09164689675834968,-0.1146367941221675
Dist_Flow,16,-0.1033266655107707,-0.08638587264084517,-0.06695917118791762,-0.115247237534944,-0.1187154518157628,-0.1100733638611841,-0.1171432843688674,-0.1181987243163249,-0.123905676096011,-0.1140169375711926,-0.1081968027164222,-0.09273628179055719,-0.1061589804521085,-0.08934981954735247,-0.1169100353169642,-0.0960749092503821,-0.1038203482534728,-0.1025564170975187,-0.09494870712117831,-0.1211669644744717,-0.113363362760203,-0.1140977389311716,-0.0952869149398344,-0.1182136702656965
Dist_Flow,17,-0.05114131368132008,-0.03433388317936798,-0.02117072801810091,-0.06294685784753674,-0.06651487758337588,-0.05836638556178882,-0.06580295304487958,-0.05775743097074483,-0.05971540431479312,-0.05432341876076614,-0.04635273208507239,-0.03610749215196234,-0.04298189359121442,-0.03471353111585652,-0.05359264513122338,-0.03628314207884697,-0.04374980509802177,-0.04212714145471002,-0.03530166779496183,-0.05608342474297844,-0.04980652107741514,-0.05812289941590323,-0.04398861619486617,-0.0586389712287395
Dist_Flow,17,-0.05499647523726007,-0.05499578718224913,-0.04866234888207115,-0.05499716195663448,-0.0549121183835687,-0.0546963716246824,-0.05451663261513451,-0.06400044646895699,-0.06799099938147068,-0.06366986997710654,-0.06576839040657705,-0.06068768247810413,-0.0671462269158597,-0.05855593732630091,-0.06708871191145123,-0.06352711987981526,-0.06355918156139596,-0.06383075155497342,-0.06297877108550326,-0.06829188408884082,-0.06671679556760264,-0.05927248739064648,-0.05434228157918864,-0.06250445168179701
Dist_Flow,18,-0.05409055429959119,-0.03728535597727802,-0.02408341072236451,-0.06578800233203284,-0.0693567585536495,-0.06128035800899381,-0.06889911348118995,-0.06107099514189462,-0.06324751729663292,-0.05792765429474316,-0.04995557102062923,-0.03971567317300577,-0.04662098232840651,-0.03835181226439841,-0.0571962986338604,-0.03981305859126619,-0.04717049792326117,-0.04543856281089868,-0.03857684700958962,-0.05932401866073635,-0.05300965497190474,-0.06132962095605459,-0.04715527444899569,-0.06169773590850934
Dist_Flow,20,0.004509159249548854,0.004509159299343688,0.004400066777619834,0.004327338171437795,0.004290973639051143,0.004509159776389809,0.004945531785568261,0.005527360787861958,0.006000096148255761,0.00625464556045508,0.006363738258683719,0.006400102305708753,0.006400102260760147,0.006472830255452239,0.006436464842155319,0.006472827467589458,0.006436460782737624,0.006400094855190944,0.006218272991346893,0.006000088377729112,0.005745540380278929,0.005454627795993297,0.005163714616900198,0.004945529446419788
Dist_Flow,20,-0.06043713887389578,-0.0436764036222238,-0.03023976172337871,-0.07186205062883017,-0.07540817289587065,-0.06761422369528332,-0.07585858284144964,-0.0688860933536516,-0.07183603962105119,-0.06694763625697871,-0.05912504803706922,-0.04907142819119198,-0.05586155560731987,-0.04771903246698843,-0.06660075580038459,-0.04934332483658135,-0.05676733978795314,-0.05506994255864518,-0.04795673119162958,-0.06833709475917978,-0.06149090532062917,-0.06934537058353002,-0.05457923488073831,-0.06878085262085343
Dist_Flow,21,0.002763664,0.002763664,0.0027273,0.002690936,0.002654572,0.002800028,0.003054576,0.003345488,0.003527308,0.003600036,0.0036364,0.0036364,0.0036364,0.0036364,0.003563672,0.003490944,0.003345488,0.003236396,0.003127304,0.00309094,0.00309094,0.003054576,0.002981848,0.00290912
Dist_Flow,22,-0.05515822825000112,-0.04840487192604718,-0.0446907308625844,-0.07608075092989267,-0.07620446827121637,-0.074864010346766,-0.07368504517006051,-0.0698409542952403,-0.06716850048114253,-0.06623545274404985,-0.0648964282513168,-0.0639002200413386,-0.0622641016165108,-0.06103349765233836,-0.06267996613597347,-0.06087059082236814,-0.06347366279797485,-0.063289767216242,-0.06386974792313034,-0.06781676002237662,-0.06948338063496604,-0.070997619490976,-0.07068212155056143,-0.07401920628496662
Dist_Flow,22,0.00327276,0.00327276,0.003200032,0.003127304,0.00309094,0.00309094,0.00309094,0.003127304,0.003163668,0.003200032,0.003236396,0.00327276,0.003345488,0.003381852,0.003418216,0.003490944,0.003527308,0.003600036,0.0036364,0.0036364,0.003600036,0.003563672,0.003490944,0.003418216
Dist_Flow,24,0.009720127300777398,0.009720199274054217,0.009462023094631742,0.0093563216400061,0.009472478529903565,0.009999590732196587,0.01104908874804435,0.0125098953369084,0.01396627217970364,0.01517540359332425,0.01596572568978703,0.01599427585808071,0.01657501754851735,0.01686087412074971,0.0168016091507605,0.01674598896728191,0.01625455603821723,0.01594353264259156,0.01511100474820683,0.01379010600310421,0.01290994064567499,0.01220577085308005,0.01173832388109364,0.01072232498645762
Dist_Flow,24,-0.01285344956199242,-0.01283451289039577,-0.01312788267947344,-0.03333815297952375,-0.0335778435359811,-0.0329313575739469,-0.03229498626269015,-0.03120974640005973,-0.03023934845073875,-0.02953947600977283,-0.02902908146317877,-0.02802065100346701,-0.02753898740261154,-0.0269646730394324,-0.02753111620933701,-0.02649382784252178,-0.02757840251095579,-0.02701569142606103,-0.02743259438492259,-0.02916043315143673,-0.02991572642555386,-0.03069425042690942,-0.0306983177894264,-0.03207728072627827
Dist_Flow,26,0.008800164850946703,0.008800165010911255,0.008581975755190034,0.008436516866799573,0.008472904431136477,0.008800192810235889,0.009491144225257627,0.01047303921355031,0.01145494205192336,0.01218230012258374,0.01261872416309427,0.01298241659168364,0.0132733612986577,0.01349157267175985,0.01352793947468594,0.01349155800968862,0.01323696841660814,0.01287327144560294,0.01243684547733932,0.01189132411327007,0.01127308139054255,0.01076393888916073,0.01021844421522922,0.00967295717626372
Dist_Flow,27,-0.01416338859308252,-0.01414618432897682,-0.01443811333513199,-0.03468846309907624,-0.03507371444993016,-0.03468167090098057,-0.03440886626199874,-0.03372345165594898,-0.03315290921036444,-0.03274384946661352,-0.03245156637058269,-0.03155811658883326,-0.03114297935489869,-0.03056853304535462,-0.03102598749219615,-0.02980660565726004,-0.03060044538137787,-0.02967388789551102,-0.0297635344259481,-0.03120078616153238,-0.03173802214467866,-0.03233507566332073,-0.03222981878639376,-0.03350000743026946
Dist_Flow,28,0.004690997641255842,0.004690997641255842,0.004581902242901205,0.004472808598182311,0.004472808598490474,0.004618267925223157,0.004981916874610616,0.00549103217825658,0.006000146726172961,0.006254707492671862,0.006327440857075036,0.006363807663523391,0.006400171590960078,0.006472905165349318,0.006472907987669864,0.006509280747538908,0.006509289804752609,0.00647293202287319,0.006363833790043616,0.006145634849901409,0.005854703467738797,0.005600134741085804,0.00534557307217981,0.00509101668253182
Dist_Flow,28,0.000836372,0.000836372,0.0008000080000000001,0.000836372,0.0009091,0.00109092,0.001418196,0.001854564,0.002290932,0.0027273,0.003054576,0.003345488,0.003527308,0.0036364,0.0036364,0.003490944,0.003200032,0.002800028,0.002436388,0.002109112,0.0018182,0.001600016,0.001381832,0.001163648
Dist_Flow,29,-0.01674842057779144,-0.01673677109803088,-0.01702430506840087,-0.03721319588236374,-0.03759876941069366,-0.03735197827361883,-0.03740649111282701,-0.03708445272841845,-0.03673180471014013,-0.0363952069617026,-0.03610268929200341,-0.03522747120794983,-0.03479308860133105,-0.03421821227707864,-0.03460322027772331,-0.03323738842471587,-0.03388623853058829,-0.03281345721506783,-0.0327939997330222,-0.03419589407682906,-0.03469714020181402,-0.03525921148103256,-0.03508013387739037,-0.03624213716484043
Dist_Flow,30,0.001745472,0.001745472,0.001672744,0.00163638,0.00163638,0.001709108,0.001890928,0.00218184,0.002472752,0.002654572,0.0027273,0.002763664,0.002763664,0.002836392000000001,0.002872756,0.002981848,0.00309094,0.003163668,0.00309094,0.00290912,0.002654572,0.002400024,0.00218184,0.002036384
Dist_Flow,32,-0.01849874653247247,-0.01849465574379805,-0.01870359815268047,-0.03887096266289832,-0.03925696262382197,-0.03908270997282522,-0.03931929945378912,-0.03928814010361712,-0.03922633446701872,-0.03907139134284962,-0.03885135833524879,-0.03803704353024256,-0.03757675961829512,-0.03707408953869441,-0.03749589308373847,-0.0362378734844125,-0.03699658176177116,-0.03599551856208854,-0.03590324358214913,-0.03712454790229041,-0.03737150202620104,-0.03768093519314563,-0.03728166912467336,-0.03829928904359552
Dist_P_ESS,1,0.009999860161671748,3.397653178301648e-07,-0.01,6.813648870164783e-07,1.642399255914539e-06,0.002796655358006027,-0.002797960776285585,0.009992617563649595,0.006226450006279007,0.0004715133145550342,0.009994971385080908,-0.009999801445828002,0.009929991495593444,-0.00999727573734458,-0.008096192411873197,-0.002331903028996607,0.007562998620109514,0.009994663796862766,-0.005550747954371901,0.009997773023049406,0.001799250634763595,-0.009998979841340105,-0.009999777507285448,-0.00999700684600539
Dist_P_ESS,2,0.01,-1.690432771574157e-07,-0.009999830956722846,9.5696662578508e-07,0.003266893174762229,-0.003265479892851201,0.006146171287552737,0.003100586496872539,0.008835255685342876,0.005084351026214471,-0.001066853220829011,-0.009993211498979061,-0.0008321870738164673,-0.007245857785727512,0.009998984301121488,-0.005058373664920794,0.0006974186845417096,-0.0006367991340219328,-0.009024564144775855,0.007212515995842913,-0.001598143420462947,0.004384621380103153,-0.00999944336330578,-6.841799288709083e-06
Dist_Pfm,1,0.0,0.0,0.0,0.0,0.0,0.0,0.0,0.0,0.0,0.0,0.0,0.0,0.0,0.0,0.0,0.0,0.0,0.0,0.0,0.0,0.0,0.0,0.0,0.0
Dist_Pfm,2,0.0,0.0,0.0,0.0,0.0,0.0,0.0,0.0,0.0,0.0,0.0,0.0,0.0,0.0,0.0,0.0,0.0,0.0,0.0,0.0,0.0,0.0,0.0,0.0
Dist_Pfm,3,0.0,0.0,0.0,0.0,0.0,0.0,0.0,0.0,0.0,0.0,0.0,0.0,0.0,0.0,0.0,0.0,0.0,0.0,0.0,0.0,0.0,0.0,0.0,0.0
Dist_Pfm,4,0.0,0.0,0.0,0.0,0.0,0.0,0.0,0.0,0.0,0.0,0.0,0.0,0.0,0.0,0.0,0.0,0.0,0.0,0.0,0.0,0.0,0.0,0.0,0.0
Dist_Pfm,4,0.0,0.0,0.0,0.0,0.0,0.0,0.0,0.0,0.0,0.0,0.0,0.0,0.0,0.0,0.0,0.0,0.0,0.0,0.0,0.0,0.0,0.0,0.0,0.0
Dist_Pfm,6,0.0,0.0,0.0,0.0,0.0,0.0,0.0,0.0,0.0,0.0,0.0,0.0,0.0,0.0,0.0,0.0,0.0,0.0,0.0,0.0,0.0,0.0,0.0,0.0
Dist_Pfm,7,0.0,0.0,0.0,0.0,0.0,0.0,0.0,0.0,0.0,0.0,0.0,0.0,0.0,0.0,0.0,0.0,0.0,0.0,0.0,0.0,0.0,0.0,0.0,0.0
Dist_Pfm,8,0.0,0.0,0.0,0.0,0.0,0.0,0.0,0.0,0.0,0.0,0.0,0.0,0.0,0.0,0.0,0.0,0.0,0.0,0.0,0.0,0.0,0.0,0.0,0.0
Dist_Pfm,9,0.0,0.0,0.0,0.0,0.0,0.0,0.0,0.0,0.0,0.0,0.0,0.0,0.0,0.0,0.0,0.0,0.0,0.0,0.0,0.0,0.0,0.0,0.0,0.0
Dist_Pfm,9,0.0,0.0,0.0,0.0,0.0,0.0,0.0,0.0,0.0,0.0,0.0,0.0,0.0,0.0,0.0,0.0,0.0,0.0,0.0,0.0,0.0,0.0,0.0,0.0
Dist_Pfm,10,0.0,0.0,0.0,0.0,0.0,0.0,0.0,0.0,0.0,0.0,0.0,0.0,0.0,0.0,0.0,0.0,0.0,0.0,0.0,0.0,0.0,0.0,0.0,0.0
Dist_Pfm,11,0.0,0.0,0.0,0.0,0.0,0.0,0.0,0.0,0.0,0.0,0.0,0.0,0.0,0.0,0.0,0.0,0.0,0.0,0.0,0.0,0.0,0.0,0.0,0.0
Dist_Pfm,11,0.0,0.0,0.0,0.0,0.0,0.0,0.0,0.0,0.0,0.0,0.0,0.0,0.0,0.0,0.0,0.0,0.0,0.0,0.0,0.0,0.0,0.0,0.0,0.0
Dist_Pfm,12,0.0,0.0,0.0,0.0,0.0,0.0,0.0,0.0,0.0,0.0,0.0,0.0,0.0,0.0,0.0,0.0,0.0,0.0,0.0,0.0,0.0,0.0,0.0,0.0
Dist_Pfm,13,0.0,0.0,0.0,0.0,0.0,0.0,0.0,0.0,0.0,0.0,0.0,0.0,0.0,0.0,0.0,0.0,0.0,0.0,0.0,0.0,0.0,0.0,0.0,0.0
Dist_Pfm,16,0.0,0.0,0.0,0.0,0.0,0.0,0.0,0.0,0.0,0.0,0.0,0.0,0.0,0.0,0.0,0.0,0.0,0.0,0.0,0.0,0.0,0.0,0.0,0.0
Dist_Pfm,17,0.0,0.0,0.0,0.0,0.0,0.0,0.0,0.0,0.0,0.0,0.0,0.0,0.0,0.0,0.0,0.0,0.0,0.0,0.0,0.0,0.0,0.0,0.0,0.0
Dist_Pfm,17,0.0,0.0,0.0,0.0,0.0,0.0,0.0,0.0,0.0,0.0,0.0,0.0,0.0,0.0,0.0,0.0,0.0,0.0,0.0,0.0,0.0,0.0,0.0,0.0
Dist_Pfm,18,0.0,0.0,0.0,0.0,0.0,0.0,0.0,0.0,0.0,0.0,0.0,0.0,0.0,0.0,0.0,0.0,0.0,0.0,0.0,0.0,0.0,0.0,0.0,0.0
Dist_Pfm,20,0.0,0.0,0.0,0.0,0.0,0.0,0.0,0.0,0.0,0.0,0.0,0.0,0.0,0.0,0.0,0.0,0.0,0.0,0.0,0.0,0.0,0.0,0.0,0.0
Dist_Pfm,20,0.0,0.0,0.0,0.0,0.0,0.0,0.0,0.0,0.0,0.0,0.0,0.0,0.0,0.0,0.0,0.0,0.0,0.0,0.0,0.0,0.0,0.0,0.0,0.0
Dist_Pfm,21,0.0,0.0,0.0,0.0,0.0,0.0,0.0,0.0,0.0,0.0,0.0,0.0,0.0,0.0,0.0,0.0,0.0,0.0,0.0,0.0,0.0,0.0,0.0,0.0
Dist_Pfm,22,0.0,0.0,0.0,0.0,0.0,0.0,0.0,0.0,0.0,0.0,0.0,0.0,0.0,0.0,0.0,0.0,0.0,0.0,0.0,0.0,0.0,0.0,0.0,0.0
Dist_Pfm,22,0.0,0.0,0.0,0.0,0.0,0.0,0.0,0.0,0.0,0.0,0.0,0.0,0.0,0.0,0.0,0.0,0.0,0.0,0.0,0.0,0.0,0.0,0.0,0.0
Dist_Pfm,24,0.0,0.0,0.0,0.0,0.0,0.0,0.0,0.0,0.0,0.0,0.0,0.0,0.0,0.0,0.0,0.0,0.0,0.0,0.0,0.0,0.0,0.0,0.0,0.0
Dist_Pfm,24,0.0,0.0,0.0,0.0,0.0,0.0,0.0,0.0,0.0,0.0,0.0,0.0,0.0,0.0,0.0,0.0,0.0,0.0,0.0,0.0,0.0,0.0,0.0,0.0
Dist_Pfm,26,0.0,0.0,0.0,0.0,0.0,0.0,0.0,0.0,0.0,0.0,0.0,0.0,0.0,0.0,0.0,0.0,0.0,0.0,0.0,0.0,0.0,0.0,0.0,0.0
Dist_Pfm,27,0.0,0.0,0.0,0.0,0.0,0.0,0.0,0.0,0.0,0.0,0.0,0.0,0.0,0.0,0.0,0.0,0.0,0.0,0.0,0.0,0.0,0.0,0.0,0.0
Dist_Pfm,28,0.0,0.0,0.0,0.0,0.0,0.0,0.0,0.0,0.0,0.0,0.0,0.0,0.0,0.0,0.0,0.0,0.0,0.0,0.0,0.0,0.0,0.0,0.0,0.0
Dist_Pfm,28,0.0,0.0,0.0,0.0,0.0,0.0,0.0,0.0,0.0,0.0,0.0,0.0,0.0,0.0,0.0,0.0,0.0,0.0,0.0,0.0,0.0,0.0,0.0,0.0
Dist_Pfm,29,0.0,0.0,0.0,0.0,0.0,0.0,0.0,0.0,0.0,0.0,0.0,0.0,0.0,0.0,0.0,0.0,0.0,0.0,0.0,0.0,0.0,0.0,0.0,0.0
Dist_Pfm,30,0.0,0.0,0.0,0.0,0.0,0.0,0.0,0.0,0.0,0.0,0.0,0.0,0.0,0.0,0.0,0.0,0.0,0.0,0.0,0.0,0.0,0.0,0.0,0.0
Dist_Pfm,32,0.0,0.0,0.0,0.0,0.0,0.0,0.0,0.0,0.0,0.0,0.0,0.0,0.0,0.0,0.0,0.0,0.0,0.0,0.0,0.0,0.0,0.0,0.0,0.0
Dist_Pto,1,0.0,0.0,0.0,0.0,0.0,0.0,0.0,0.0,0.0,0.0,0.0,0.0,0.0,0.0,0.0,0.0,0.0,0.0,0.0,0.0,0.0,0.0,0.0,0.0
Dist_Pto,2,0.0,0.0,0.0,0.0,0.0,0.0,0.0,0.0,0.0,0.0,0.0,0.0,0.0,0.0,0.0,0.0,0.0,0.0,0.0,0.0,0.0,0.0,0.0,0.0
Dist_Pto,3,0.0,0.0,0.0,0.0,0.0,0.0,0.0,0.0,0.0,0.0,0.0,0.0,0.0,0.0,0.0,0.0,0.0,0.0,0.0,0.0,0.0,0.0,0.0,0.0
Dist_Pto,4,0.0,0.0,0.0,0.0,0.0,0.0,0.0,0.0,0.0,0.0,0.0,0.0,0.0,0.0,0.0,0.0,0.0,0.0,0.0,0.0,0.0,0.0,0.0,0.0
Dist_Pto,4,0.0,0.0,0.0,0.0,0.0,0.0,0.0,0.0,0.0,0.0,0.0,0.0,0.0,0.0,0.0,0.0,0.0,0.0,0.0,0.0,0.0,0.0,0.0,0.0
Dist_Pto,6,0.0,0.0,0.0,0.0,0.0,0.0,0.0,0.0,0.0,0.0,0.0,0.0,0.0,0.0,0.0,0.0,0.0,0.0,0.0,0.0,0.0,0.0,0.0,0.0
Dist_Pto,7,0.0,0.0,0.0,0.0,0.0,0.0,0.0,0.0,0.0,0.0,0.0,0.0,0.0,0.0,0.0,0.0,0.0,0.0,0.0,0.0,0.0,0.0,0.0,0.0
Dist_Pto,8,0.0,0.0,0.0,0.0,0.0,0.0,0.0,0.0,0.0,0.0,0.0,0.0,0.0,0.0,0.0,0.0,0.0,0.0,0.0,0.0,0.0,0.0,0.0,0.0
Dist_Pto,9,0.0,0.0,0.0,0.0,0.0,0.0,0.0,0.0,0.0,0.0,0.0,0.0,0.0,0.0,0.0,0.0,0.0,0.0,0.0,0.0,0.0,0.0,0.0,0.0
Dist_Pto,9,0.0,0.0,0.0,0.0,0.0,0.0,0.0,0.0,0.0,0.0,0.0,0.0,0.0,0.0,0.0,0.0,0.0,0.0,0.0,0.0,0.0,0.0,0.0,0.0
Dist_Pto,10,0.0,0.0,0.0,0.0,0.0,0.0,0.0,0.0,0.0,0.0,0.0,0.0,0.0,0.0,0.0,0.0,0.0,0.0,0.0,0.0,0.0,0.0,0.0,0.0
Dist_Pto,11,0.0,0.0,0.0,0.0,0.0,0.0,0.0,0.0,0.0,0.0,0.0,0.0,0.0,0.0,0.0,0.0,0.0,0.0,0.0,0.0,0.0,0.0,0.0,0.0
Dist_Pto,11,0.0,0.0,0.0,0.0,0.0,0.0,0.0,0.0,0.0,0.0,0.0,0.0,0.0,0.0,0.0,0.0,0.0,0.0,0.0,0.0,0.0,0.0,0.0,0.0
Dist_Pto,12,0.0,0.0,0.0,0.0,0.0,0.0,0.0,0.0,0.0,0.0,0.0,0.0,0.0,0.0,0.0,0.0,0.0,0.0,0.0,0.0,0.0,0.0,0.0,0.0
Dist_Pto,13,0.0,0.0,0.0,0.0,0.0,0.0,0.0,0.0,0.0,0.0,0.0,0.0,0.0,0.0,0.0,0.0,0.0,0.0,0.0,0.0,0.0,0.0,0.0,0.0
Dist_Pto,16,0.0,0.0,0.0,0.0,0.0,0.0,0.0,0.0,0.0,0.0,0.0,0.0,0.0,0.0,0.0,0.0,0.0,0.0,0.0,0.0,0.0,0.0,0.0,0.0
Dist_Pto,17,0.0,0.0,0.0,0.0,0.0,0.0,0.0,0.0,0.0,0.0,0.0,0.0,0.0,0.0,0.0,0.0,0.0,0.0,0.0,0.0,0.0,0.0,0.0,0.0
Dist_Pto,17,0.0,0.0,0.0,0.0,0.0,0.0,0.0,0.0,0.0,0.0,0.0,0.0,0.0,0.0,0.0,0.0,0.0,0.0,0.0,0.0,0.0,0.0,0.0,0.0
Dist_Pto,18,0.0,0.0,0.0,0.0,0.0,0.0,0.0,0.0,0.0,0.0,0.0,0.0,0.0,0.0,0.0,0.0,0.0,0.0,0.0,0.0,0.0,0.0,0.0,0.0
Dist_Pto,20,0.0,0.0,0.0,0.0,0.0,0.0,0.0,0.0,0.0,0.0,0.0,0.0,0.0,0.0,0.0,0.0,0.0,0.0,0.0,0.0,0.0,0.0,0.0,0.0
Dist_Pto,20,0.0,0.0,0.0,0.0,0.0,0.0,0.0,0.0,0.0,0.0,0.0,0.0,0.0,0.0,0.0,0.0,0.0,0.0,0.0,0.0,0.0,0.0,0.0,0.0
Dist_Pto,21,0.0,0.0,0.0,0.0,0.0,0.0,0.0,0.0,0.0,0.0,0.0,0.0,0.0,0.0,0.0,0.0,0.0,0.0,0.0,0.0,0.0,0.0,0.0,0.0
Dist_Pto,22,0.0,0.0,0.0,0.0,0.0,0.0,0.0,0.0,0.0,0.0,0.0,0.0,0.0,0.0,0.0,0.0,0.0,0.0,0.0,0.0,0.0,0.0,0.0,0.0
Dist_Pto,22,0.0,0.0,0.0,0.0,0.0,0.0,0.0,0.0,0.0,0.0,0.0,0.0,0.0,0.0,0.0,0.0,0.0,0.0,0.0,0.0,0.0,0.0,0.0,0.0
Dist_Pto,24,0.0,0.0,0.0,0.0,0.0,0.0,0.0,0.0,0.0,0.0,0.0,0.0,0.0,0.0,0.0,0.0,0.0,0.0,0.0,0.0,0.0,0.0,0.0,0.0
Dist_Pto,24,0.0,0.0,0.0,0.0,0.0,0.0,0.0,0.0,0.0,0.0,0.0,0.0,0.0,0.0,0.0,0.0,0.0,0.0,0.0,0.0,0.0,0.0,0.0,0.0
Dist_Pto,26,0.0,0.0,0.0,0.0,0.0,0.0,0.0,0.0,0.0,0.0,0.0,0.0,0.0,0.0,0.0,0.0,0.0,0.0,0.0,0.0,0.0,0.0,0.0,0.0
Dist_Pto,27,0.0,0.0,0.0,0.0,0.0,0.0,0.0,0.0,0.0,0.0,0.0,0.0,0.0,0.0,0.0,0.0,0.0,0.0,0.0,0.0,0.0,0.0,0.0,0.0
Dist_Pto,28,0.0,0.0,0.0,0.0,0.0,0.0,0.0,0.0,0.0,0.0,0.0,0.0,0.0,0.0,0.0,0.0,0.0,0.0,0.0,0.0,0.0,0.0,0.0,0.0
Dist_Pto,28,0.0,0.0,0.0,0.0,0.0,0.0,0.0,0.0,0.0,0.0,0.0,0.0,0.0,0.0,0.0,0.0,0.0,0.0,0.0,0.0,0.0,0.0,0.0,0.0
Dist_Pto,29,0.0,0.0,0.0,0.0,0.0,0.0,0.0,0.0,0.0,0.0,0.0,0.0,0.0,0.0,0.0,0.0,0.0,0.0,0.0,0.0,0.0,0.0,0.0,0.0
Dist_Pto,30,0.0,0.0,0.0,0.0,0.0,0.0,0.0,0.0,0.0,0.0,0.0,0.0,0.0,0.0,0.0,0.0,0.0,0.0,0.0,0.0,0.0,0.0,0.0,0.0
Dist_Pto,32,0.0,0.0,0.0,0.0,0.0,0.0,0.0,0.0,0.0,0.0,0.0,0.0,0.0,0.0,0.0,0.0,0.0,0.0,0.0,0.0,0.0,0.0,0.0,0.0
Dist_SOC,1,0.04000013983832826,0.03999979673967709,0.04999956341276141,0.04999888204787439,0.04999723964861848,0.04720058429061245,0.04999854506689803,0.04000592750324844,0.03377947749696943,0.0333079641824144,0.02331299279733349,0.03331279424316149,0.02338280274756804,0.03338007848491263,0.04147627089678582,0.04380817392578243,0.03624517530567292,0.02625051150881015,0.03180125946318205,0.02180348644013265,0.02000423580536905,0.03000321564670916,0.04000299315399461,0.05
Dist_SOC,2,0.04,0.04000016904327706,0.05,0.04999904303337421,0.04673214985861199,0.04999762975146319,0.04385145846391045,0.04075087196703792,0.03191561628169504,0.0268312652554802,0.02789811847630958,0.03789132997528864,0.03872351704910511,0.04596937483483262,0.03597039053371114,0.04102876419863193,0.04033134551409072,0.04096814464811265,0.04999270879288851,0.0427801927970456,0.04437833621750854,0.03999371483740551,0.04999315820071129,0.05
Dist_Shift,1,0.0005163688,0.0005163688,0.0005163328436773579,0.0005012563029276225,-0.0004910035854157324,0.0005306451054993415,-0.0005958890263052378,-0.0006690976000000001,-0.0007127344,-0.0007272800000000001,0.0007269971063650195,0.0007272332920441913,0.0007271876618229777,-0.0007272800000000001,-0.000712263992612355,0.0006835585478246719,-0.0006545520000000001,0.0006253351982812603,0.0006035653317211315,-0.0005963696,-0.0005890968000000002,0.0005809919767199186,-0.0002351270218288286,-0.0005451469407213417
Dist_Shift,2,0.0002618208000000001,0.0002618208000000001,0.0002618208000000001,0.0002690936,0.0002981848,0.0003490944,0.0004218224,0.0004993545195102478,0.0002031354680246816,0.0006400064000000001,-0.0006809464172527422,0.0006995825478396588,-0.0007163133332708377,-0.0007196052030198102,-0.0006606056603508841,-0.0006618248000000001,-0.0005991223987122513,-0.0005304824897385414,-0.0004645968868291006,-0.0004060617553508089,0.0003582582386125743,0.0003271563782718949,0.0003054576,0.0002829501922659185
Dist_Shift,3,0.0001671527627399409,0.0001672744,0.0001600016,0.0001664660433655339,0.0001787816164311459,0.0002127083753175989,0.0002836392,0.0003709128,-0.0002938746621064466,0.0005454600000000001,0.0006109152,-0.0006672920488863299,-0.0006956749387483332,-0.0006064883864606233,-0.0007264336495171623,-0.0006878328560618583,0.0006400064000000001,0.0005104791554601082,-0.0004853991056385606,-0.0004073917729782838,0.00036364,-0.0003128133697143224,0.0002761209234224607,0.000229642313374969
Dist_Shift,4,0.0002616797505121995,0.0002617372516276372,0.0002508651205178164,0.0002451929749965314,0.0002451397894211406,0.0002563120387235441,0.0002828186328979165,0.0001058987011302899,-0.0003660034569316599,0.0003975404338941051,-0.0004089297062937302,0.0004127616514576046,0.0004145279373577593,-0.0004252952897726201,-0.0002456130371066667,-0.0004471523452476617,-0.0004619223049833335,-0.0004743345858496625,-0.0004635184445302745,-0.0004355810202790866,-0.0003974376770058875,0.0003598833858305924,0.0003270060347923874,0.0003044241648410796
Dist_Shift,5,0.0003871081248018232,0.0003872766,0.0003871915066769212,0.0003759400795671003,0.0003754832186834488,0.0003971214803406425,-0.0004376564317042016,0.0004963006287772506,0.0005229074452310079,-0.000526720463462765,-0.0004890604410742391,-0.0005445959395478581,4.395573886407239e-05,0.0004143276267550705,-0.0005340684347713158,0.000439683099505386,-0.0004417033813730542,-0.0003665281696699032,0.0004159755793249065,-0.0004454206236787356,-0.0004397588710073871,-0.0004351031416969867,0.0004251154431699233,-0.0004077705704397038
Dist_Shift,6,0.0001961473693061798,0.0001963656,0.0001690926,0.0001472093371016822,-0.0001296986238219638,0.0001166315883024819,-0.0001193074537891164,-0.0001245121036171221,-0.0001354344670187191,-0.000162311342849622,-0.0001968263352487912,0.0002538484697572929,0.0003141283817048798,0.000380430461305592,-0.0004415225059927293,0.0004893665155875013,-0.0005238897617711596,0.0003680814379114633,0.0005330844178508751,-0.0005063999022904067,-0.000463641,-0.000409095,0.0003479149432380649,-0.0002996626256663434
Dist_Shift,7,0.0001307445457772245,0.0001308375400484718,0.0001126681549079579,9.785636556669079e-05,8.663325421913554e-05,7.902296999637351e-05,6.980823739138236e-05,8.077970495027142e-05,8.468680708857536e-05,6.987377402410921e-05,0.0001129859601776072,-0.0001704172248045127,0.0001060292453218362,0.0001318278392622098,-0.000294111664908812,-0.0003057427750853987,0.0003402988386482146,0.0003373978235734021,-0.0003231752276025315,-0.0003363531257055679,-0.000307220231632424,-0.000271771585957852,0.0002360561784584349,-0.0001987154037142256
Dist_Shift,8,8.348287503481961e-05,8.355460342824644e-05,7.993676917028732e-05,8.333364110310516e-05,9.03741690407983e-05,0.0001090544526547307,0.000139623926995805,0.0001821412045485368,0.0002202182269817606,0.0002656004139285041,0.0002922078887260582,-0.0003338591328475909,-0.0002258922092345448,-0.0002673468661811949,-0.0003629799753853456,-0.0002367613533242983,-0.0001826835293716868,0.0002700068497399652,0.0002375598041253461,-0.0002109112,-0.00018182,-0.0001583433718185938,0.0001379080068516485,-0.0001144094558264179
Footprint_dist,1,1.85864,1.858621200594848,1.646966078019941,1.85864,1.858639999999995,1.85864,1.865890946784314,2.198038393296682,2.322903602515699,2.221825888940166,2.304510530522292,2.103113505065739,2.322565172640326,2.044034326313299,2.323256131513592,2.201500367678375,2.236980110518732,2.228418376599289,2.155018733731709,2.323087727243478,2.286745714488732,2.009976111794738,1.858647783141662,2.120766056819758
Footprint_dist,2,2.264329375011127,1.987264665505195,1.81148,2.264343136844769,2.264342548689811,2.26435,2.264342514468032,2.26435,2.26435,2.26435,2.26435,2.26435,2.26435,2.26435,2.264344144510826,2.264342882297424,2.26435,2.264218979148582,2.26435,2.26435,2.26435,2.26435,2.264336801869463,2.264343020847887
Footprint_dist,3,1.186601196783411,0.934445136155074,0.6222883886260009,1.40166,1.401850271102927,1.40170371539173,1.401686037102448,1.868817079600855,1.868824772751337,1.868703746882915,1.868835435540597,1.401687195982893,1.402295255730177,1.739065252854342,1.401720106577834,1.401824171119665,1.868734930107109,1.492903220787443,1.40172492818094,1.868841876140074,1.868768011413732,1.4016928293088,1.753825124902533,1.742311838061897
Footprint_dist,4,3.351750000000003,3.351750937623319,3.35174992897606,3.351750000000003,3.35176862641867,3.351750000000004,3.351780689264173,3.35175,3.351750000000005,3.351750000000004,3.351749151010095,3.35159240908109,3.35175,3.351750000000009,3.351749049126227,3.351739194468036,3.35175,3.351750000000005,3.351777232108696,3.35175,3.35175,3.351749196721712,3.351754749829345,3.351749173829599
Footprint_dist,5,0.8037606356934661,0.8036050363138055,0.8035989855627013,1.6072,1.6072,1.607173865366111,1.6072,1.6072,1.6072,1.6072,1.6072,1.607199999999994,1.6072,1.6072,1.607194156933824,1.6072,1.6072,1.6072,1.6072,1.6072,1.607151825232758,1.607165452960591,1.606928546648681,1.607185793072394
Footprint_trans,1,45.51975164872874,54.37199966052164,27.186,54.37190509789863,54.37200000001226,54.37200000001223,54.37201708808512,74.52394273341847,81.558,79.94060613578071,81.55800000001942,81.55800000001841,81.55800000001835,81.5580000000184,81.55800404831126,81.55800000001838,81.55800000001841,81.55800000001942,81.55800000001838,75.68902836882846,74.93838293165852,54.37200000001223,46.16025372290295,27.18600000000618
Footprint_trans,2,65.57999999998992,65.57999999999205,98.36999999998488,65.57999999998992,80.58931969289608,98.36999999998488,98.36999999998488,98.36999999998616,98.36999999998493,98.36999999998488,112.1581554759193,98.36999999998606,131.15999999998,131.1599981784569,131.1599999999799,124.2822806752412,129.7994741769626,131.160000000027,98.3699999999848,98.36999999998493,98.36999999998484,98.36999999998488,98.36999999998488,83.83014153359842
Footprint_trans,3,0.0,2.445896807554222,18.07740000000224,3.406339659207899,18.07740000000224,18.0774000000033,18.07740000000224,18.07740000000224,18.07740000000224,18.07740000000224,18.07752782526305,32.31044150225638,36.1548000000044,30.10560363219195,36.1548000000044,36.1548000000044,36.1548000000044,26.0729543874839,34.11495972295393,18.07740000000224,18.07740000000224,18.07740000000224,18.07740000000226,18.07740000000224
Footprint_trans,4,4.3688451996679e-05,8.186000000013836,8.186000000001862,8.186000000001862,8.186000000001862,8.186000000001862,8.186000000001862,8.186019163303719,9.131079238075761,8.186034497040986,16.37200000000388,16.37200000000398,16.37200000000367,16.37199948321581,16.37200000000368,16.37200000000368,16.37200000000399,16.37200000000369,16.37200000000369,16.37200000000368,8.18601955167448,8.186000000001862,8.186000000001862,8.186000000001862
Footprint_trans,5,12.48000000000635,12.48000000000659,12.48000000000635,12.48000000000635,12.48000000000635,13.99181510449047,18.72000000000954,18.72000000000954,18.72000000000954,18.72000000000955,18.72000000000954,18.72000000000954,19.99001158066537,18.72000000000955,24.96000000001273,18.72000000000954,18.72002997423679,18.72000000000953,18.72000000000952,18.72000779965558,18.72000000000954,12.48000000000635,12.48000464222848,12.48000000000635
GenCosts_dist,1,11.93192,11.93178977376206,10.46562368332994,11.93192,11.93192,11.93192,11.98460132894153,14.39779913707629,15.30500684758452,14.57062579267947,15.17136621060999,13.70812792442158,15.30254832103851,13.27889161335309,15.30756127608278,14.42295190906789,14.68072790149103,14.61852312543394,14.08524557748128,15.30634514721517,15.0422969807717,13.03144365164764,11.93198005723317,13.83638150471577
GenCosts_dist,2,11.51320966344016,9.950416571143787,8.958883999999998,11.51318832207165,11.51328599505107,11.513326,11.51328377738148,11.513326,11.513326,11.513326,11.513326,11.513326,11.513326,11.513326,11.51329297174139,11.51314504645856,11.513326,11.51258696856551,11.513326,11.513326,11.513326,11.513326,11.51325155507403,11.51328663364921
GenCosts_dist,3,7.735058618914315,6.026261291419755,3.979055395456398,9.192456000000004,9.19378698712979,9.192761798531,9.192638894318243,12.46031985832754,12.46037367356339,12.45952707168445,12.46044826205873,9.192646241726969,9.196899749933564,11.55267803143028,9.192876458389538,9.193604412155057,12.45974520501859,9.830721877900096,9.192910186536281,12.46049331543194,12.45997661584595,9.192685648048608,11.65592649865042,11.57538859052491
GenCosts_dist,4,11.8065,11.80650377973809,11.80649968898221,11.8065,11.8065812399585,11.8065,11.80663406383106,11.8065,11.8065,11.8065,11.8064962822259,11.80580990058557,11.8065,11.80642132919098,11.80649583607076,11.80645268197347,11.8065,11.80641547516183,11.8065,11.8065,11.8065,11.80649648239962,11.8065,11.8064854491223
GenCosts_dist,5,4.365728803072503,4.364829609993166,4.364794490024985,9.0944,9.0944,9.094250422857892,9.0944,9.0944,9.0944,9.0944,9.0944,9.0944,9.0944,9.0944,9.09436561054527,9.0944,9.0944,9.0944,9.0944,9.0944,9.094116466676024,9.094196672875078,9.092802357179629,9.094316384911892
GenCosts_trans,1,38.84324334325183,47.07000000001069,21.80500000000496,47.06992119177588,47.07000000001069,47.07000000001069,47.07000000001069,68.36274461183548,75.79500000001723,74.08604543699737,75.79500000001723,75.79500000001723,75.79500000001723,75.79500000001723,75.79500000001723,75.79500000001723,75.79500000001723,75.79500000001723,75.79500000001723,69.59378576820912,68.80064627793112,47.07000000001069,39.4385084489807,21.80500000000496
GenCosts_trans,2,54.8078999999917,54.8078999999917,93.41684999998584,54.8078999999917,72.48079031891322,93.41684999998584,93.41684999998584,93.41684999998584,93.41684999998584,93.41684999998584,112.7929929328254,93.41684999998584,139.4957999999789,139.4957974402387,139.4957999999789,129.8307165941016,137.583887789777,139.4958000000487,93.41684999998584,93.41684999998584,93.41684999998584,93.41684999998584,93.41684999998584,76.29673202085222
GenCosts_trans,3,0.0,3.809273681198311,28.15399400000349,5.305080726614537,28.15399400000349,28.15399400000349,28.15399400000349,28.15399400000349,28.15399400000349,28.15399400000349,28.15399400000349,54.83643457709125,62.0433880000077,50.70306256094094,62.0433880000077,62.0433880000077,62.0433880000077,43.14312368047728,58.21933416228587,28.15399400000349,28.15399400000349,28.15399400000349,28.15399400000349,28.15399400000349
GenCosts_trans,4,0.0,25.52896000000581,25.52896000000581,25.52896000000581,25.52896000000581,25.52896000000581,25.52896000000581,25.52902898639428,28.93117136863789,25.52896000000581,54.99792000001251,54.99792000001251,54.99792000001251,54.99792000001251,54.99792000001251,54.99792000001251,54.99792000001251,54.99792000001251,54.99792000001251,54.99792000001251,25.52896000000581,25.52896000000581,25.52896000000581,25.52896000000581
GenCosts_trans,5,38.5040000000197,38.5040000000197,38.5040000000197,38.5040000000197,38.5040000000197,43.99169500684703,61.15440000003129,61.15440000003129,61.15440000003129,61.15440000003129,61.15440000003129,61.15440000003129,66.22549111279014,61.15440000003129,86.07040000004403,61.15440000003129,61.15440000003129,61.15440000003129,61.15440000003129,61.15443114361739,61.15440000003129,38.5040000000197,38.5040000000197,38.5040000000197
I,1,0.04028925517619024,0.0438424599353053,0.03560466789335791,0.03641632364266584,0.03827634151989324,0.04347221646727138,0.03462065511025172,0.04298588995890887,0.04267479414928093,0.0420637629757168,0.04183320669302598,0.04180494696153227,0.04153166181180248,0.04163073345347987,0.02750704109117024,0.04178596327525758,0.04194715120053388,0.04229259190363954,0.04267996042102215,0.04309989835922722,0.04312782650276586,0.03787482737148138,0.03390840046572736,0.03599083304879599
I,2,0.04066114097212228,0.04421310167387398,0.03590102286841904,0.03672903387674324,0.03864329026818235,0.04397938516598726,0.03515248245171128,0.04374996651208489,0.04360168980402167,0.04331108318330306,0.04321957480723339,0.04324712798498467,0.04313273618934542,0.04320638089685995,0.02871104285661259,0.04331801635338081,0.04340248372211886,0.04356946290730052,0.04375593449382866,0.04395793689698375,0.04395841363107478,0.03857149025739173,0.03447180889572563,0.03643538666581114
I,3,0.04124577570783557,0.04479571944938122,0.0363886096921815,0.03723494457151974,0.03924860257619396,0.0447957225,0.03595141688725408,0.04479571305399697,0.0447957225,0.0447957225,0.0447957225,0.0447957225,0.0447957225,0.0447957225,0.02989521932661164,0.0447957225,0.0447957225,0.0447957225,0.0447957225,0.0447957225,0.04479572179219066,0.03928954293761425,0.03509857347719822,0.03698087947253507
I,4,0.0008628222930875555,0.0005139813233456878,0.0004081283837755289,0.001325174978163123,0.00129530379562559,0.001246404920649033,0.002179103291146234,0.004387832365759953,0.002287255668723491,0.002682750078707872,0.002182075937939288,0.001181356229015379,0.001163508236511523,0.002179308406862226,0.001234787028833863,0.001180307403499382,0.002519146645836783,0.001373252264967174,0.001211077001898586,0.002322440512180903,0.003257539190718238,0.001233198160259871,0.002044837938896194,0.00294319007011723
I,4,0.03279333932919089,0.0402128936829682,0.03021442973680386,0.02599328431957373,0.02747806956882615,0.03411162636033668,0.02486022752784397,0.0292132321605752,0.02789140622020604,0.02669079365252681,0.03004302382407422,0.03775829901091115,0.03551202618949757,0.03034057074436263,0.01996666188493807,0.03705774893452245,0.02766455942505637,0.03462633026967889,0.03699339016956683,0.0278949493139593,0.02558900919535331,0.02984368043539193,0.02320421311715603,0.0229058880815083
I,6,0.03396033324954217,0.04141223434899689,0.0312003855676014,0.02686811835468763,0.0284570789955298,0.03528901927684742,0.02576177698061935,0.03017983311441565,0.02904426302374142,0.02798557675117404,0.03141244719305844,0.03913492764337428,0.03698682355171554,0.0316147647019198,0.02099768275795429,0.03843289907446232,0.02890423559457145,0.03594577062323291,0.03826281607963109,0.02895882923626592,0.02669334853551982,0.03105473407881732,0.02425195567321132,0.02375854732951882
I,7,0.03429468478574971,0.04175597258832246,0.03147443675295612,0.02712910389296009,0.02877425446628983,0.03573509657090376,0.02618248155010463,0.03073240808316465,0.02980778025710514,0.02898577438066995,0.03259702616907289,0.04044068989662086,0.03844543734034336,0.03291814968852399,0.02206747717822604,0.03982121565421025,0.0300880990331238,0.0370808728018545,0.03922310835047019,0.02966455584061414,0.02733071905323934,0.03166861604455529,0.02471602178493542,0.02408853468004994
I,8,0.03499581417754696,0.04247576347943002,0.03205134051157261,0.02764531771409232,0.02934927931188139,0.03643644375842819,0.02675102899490625,0.03139308091994934,0.03064439517615719,0.02997233349793779,0.03366818176917284,0.04153469595275289,0.03960289968306036,0.0339528209951161,0.02293541282979796,0.04102396284460279,0.0312491822992008,0.03837894256197881,0.04045560191643163,0.03065317301687123,0.02827196665638982,0.03259688168800533,0.02545643370591904,0.02467449219003597
I,9,0.005613699899861437,0.005679975575095012,0.005655450043191321,0.004513402816333167,0.007137841700184238,0.004764197698108449,0.004367167903532568,0.004237683419272654,0.005213376778229175,0.004158057468585562,0.005227210866989934,0.005083600431831444,0.006591517191312441,0.008601661172958883,0.004923795633344115,0.008589275866175347,0.008510809980097218,0.008623468111707593,0.008750271602964406,0.005125129558521271,0.005867648434409423,0.004311795163227597,0.005357114089254838,0.004349205366975214
I,9,0.01125986670517704,0.0197522421686721,0.01475715128357112,0.01020015923053542,0.01130984036837615,0.01613802147243732,0.01044826073966218,0.01113094822627958,0.01211707656199869,0.01498204385858018,0.0110684494195118,0.02245402751536757,0.01289460936547842,0.0101248073951234,0.009879669350966947,0.01298652533906802,0.007875442724304911,0.01000987262293968,0.0129699800378589,0.01134557384419315,0.009467032925379457,0.0204511581440082,0.009539028622485233,0.01059972570728008
I,10,0.005826684299560178,0.00589547991308889,0.005839518584541435,0.004643191700757312,0.007292971301878427,0.004881288569662025,0.004467488830186672,0.004340351693980601,0.005354656408580438,0.004291631874442143,0.005438596914791882,0.005351691557478692,0.006957141200753691,0.009082021085660206,0.005375945610206126,0.009210400245885085,0.00917440369882779,0.009314984046529159,0.009434803716644458,0.005655718827052104,0.006381661597596643,0.004660050745308363,0.005735563396796501,0.004602032696574021
I,11,0.01208549484378829,0.02067781881771347,0.01549763181212173,0.01088186053218563,0.01196504749568239,0.01717787685789811,0.01131035823037929,0.01204629183650754,0.0132005665298931,0.01665274861716477,0.01262074530322438,0.02438066680480383,0.01464879587123372,0.01166865954838219,0.01119797799927588,0.01463599790552934,0.009135902139132299,0.0113361356639137,0.01427461723663437,0.01229536029894043,0.01045215153993403,0.02181233256572636,0.01046148030681174,0.01138845975761598
I,11,0.0,0.0,0.0,0.0,1.144222216181346e-06,1.332668678256392e-06,2.513544798134197e-06,3.851412480161168e-06,5.877068871111045e-06,8.66142079986189e-06,1.0787224387499e-05,1.303622795681593e-05,1.433956558803784e-05,1.517901570478177e-05,1.51614351471561e-05,1.405009944152159e-05,1.179020823459475e-05,9.091601367919956e-06,6.946850935485624e-06,4.981219370727439e-06,3.701857439601232e-06,2.866718401227188e-06,2.138192857113612e-06,1.516280807260603e-06
I,12,0.006257232189018866,0.006331122692053635,0.006271136515350111,0.004984476485791088,0.007747330435350539,0.005279759304941231,0.004853982078039144,0.004766653101859249,0.005925229008441795,0.004756493956732221,0.006029343682140183,0.005943512974478455,0.007609891030798939,0.00979197301983793,0.005948031310004409,0.009883522776740001,0.009813625637082761,0.009932110673036244,0.01003566109977119,0.006143976415331253,0.006890477299937397,0.005050387919124559,0.006205503202454356,0.004961206687354072
I,13,0.01285925874132164,0.02154238838943756,0.01619277103053989,0.01150932843217847,0.01255682079474826,0.0180253068030117,0.01193217869521473,0.01262664107295092,0.0138222658620112,0.01752920051303972,0.01340573010242625,0.02531927307830165,0.0155050808041056,0.01242539038685515,0.01186494531416857,0.01549960660358425,0.009854218807805876,0.01216409853813757,0.01516246918996145,0.01299614786399711,0.01120808639296267,0.02288360677726504,0.01122852429208408,0.01207897182582339
I,16,0.01365626807518011,0.02243013318776835,0.01690962129644332,0.01215819968403552,0.01316956330416501,0.01889336010445216,0.01257481708525318,0.01322862405844926,0.014465920207048,0.01842775460519775,0.01421336907800736,0.02628124793589946,0.01638563322589143,0.01320694282949156,0.01255741543355788,0.01638966375135788,0.01059942615440186,0.01302031490337894,0.0160792722125274,0.01372622596904393,0.01199244035880362,0.02398248568884379,0.01202211990032422,0.01279518163939239
I,17,0.002788281765270344,0.004631301974136181,0.002716552295261231,0.003631943065766531,0.004255590841666864,0.00365800979543084,0.003979644419142821,0.003393214393765556,0.003670991760404569,0.003061277482015682,0.001994773121833748,0.006293569934529765,0.001890010218032804,0.001275754788944696,0.002668248786350717,0.001841565958586672,0.001799496221286691,0.001633689939062566,0.001718068579432978,0.003207311621192358,0.002297287546005878,0.005087287548999403,0.00216547446632204,0.003164861195952167
I,17,0.004644099841747926,0.007158614544221284,0.006544661120311964,0.00278495666894165,0.002749574395191979,0.007093420952492294,0.002722791534335127,0.003729392387161715,0.00420818268197943,0.00769361667491431,0.006966296703380554,0.007687586765128289,0.00836340568777924,0.007370296382869225,0.004098325268884474,0.007940974289244309,0.004994450078848901,0.006833805155530382,0.007927565935088482,0.004246743656637669,0.004578215401099353,0.007596863601537993,0.004475152934619152,0.003571535013343694
I,18,0.003130523333502281,0.00499067341778412,0.002968928718365822,0.003960412087143253,0.004574150030083537,0.00404370597090494,0.004350363591626588,0.003700142624895391,0.004004151533283291,0.003499620274690308,0.002335788193407294,0.006787526147823391,0.002240622757867828,0.001567632229401599,0.003014594059571861,0.002173769018267777,0.002064021033117363,0.001914471581189903,0.002016020545577742,0.00349826374999646,0.00258491381511964,0.005574616792447744,0.002491886322001855,0.003490566474678825
I,20,2.302995972449738e-05,2.306985628443764e-05,2.195262799402379e-05,2.123583166725527e-05,2.088014116985393e-05,2.305513898940142e-05,2.768051534194292e-05,3.45106367596209e-05,4.063542991317442e-05,4.421055499138822e-05,4.572002574762723e-05,4.652965808697671e-05,4.624670026199884e-05,4.728200670420493e-05,4.674948124106033e-05,4.730515041729014e-05,4.673051845281513e-05,4.621911338525797e-05,4.366183428444014e-05,4.063056952130977e-05,3.727798595925441e-05,3.371522919299074e-05,3.016269679646568e-05,2.767350349110007e-05
I,20,0.003912519166318316,0.005812618615721108,0.003553786026287299,0.004699186641132563,0.005286227989652866,0.004922939882309087,0.00523625128744335,0.00449987133659297,0.004913126537916553,0.004700661785268309,0.003318101413469027,0.008170061571503157,0.003247964444888781,0.0024434011537571,0.00403518082640052,0.003195214247405226,0.002932833954775725,0.002855242734317203,0.002987684658285072,0.004408593713855566,0.003439730072500289,0.006859467077497099,0.00332826199097527,0.00430434816085836
I,21,9.687145686852783e-06,9.708056803296529e-06,9.490674931764373e-06,9.237973311664834e-06,9.024815854389997e-06,9.906829087740232e-06,1.158570396355283e-05,1.366160915056399e-05,1.506177323552481e-05,1.565018961871183e-05,1.594111821855939e-05,1.596148466038234e-05,1.594977268241256e-05,1.593961939796051e-05,1.535071813734744e-05,1.477816227661818e-05,1.365947401207147e-05,1.285582720089276e-05,1.207972787394475e-05,1.183294442990774e-05,1.182520454819854e-05,1.158166387494352e-05,1.109858129419056e-05,1.061132759967085e-05
I,22,0.003469890387391544,0.006492107134054669,0.004757175667477073,0.005272293816589696,0.005359944742248646,0.005966959786258486,0.004942622584227791,0.004573477366996273,0.004269185104122643,0.004719055511267891,0.00402529658933373,0.01004705521860058,0.004046835114427712,0.003876749640080834,0.003578483981804585,0.004546864121786507,0.003669954412751934,0.003821682492784972,0.004806582661400215,0.004275986387990694,0.004398526248488291,0.007354399429779196,0.005311030387803645,0.00498888383917462
I,22,1.388036956451561e-05,1.388614693639515e-05,1.3398619951445e-05,1.283080148144472e-05,1.257323285854225e-05,1.257095690730126e-05,1.257047506206431e-05,1.282319181250411e-05,1.307841312572336e-05,1.333836205066985e-05,1.360118880008543e-05,1.386953953226056e-05,1.440481499485485e-05,1.467837598361423e-05,1.495005256496418e-05,1.55183825909833e-05,1.580443716375603e-05,1.63850156596088e-05,1.667995006563173e-05,1.668117845252337e-05,1.638542497101348e-05,1.609572948569613e-05,1.55284412766722e-05,1.495610391715257e-05
I,24,0.0001062300420268498,0.0001064337903433256,0.0001007365666759185,9.861028883007918e-05,0.0001010929751470801,0.000112642583541698,0.0001373582750657398,0.0001762369766809118,0.0002197509749399265,0.0002592377892152901,0.0002867537306634307,0.0002885671002012619,0.0003089661338208757,0.0003196663072877073,0.0003174299818743556,0.0003153244554411923,0.0002972608495311689,0.0002859916313205596,0.0002569660579482762,0.0002138483494931672,0.000187456233782261,0.000167673954003196,0.0001550859274917622,0.0001292709037900201
I,24,0.0001610947251219795,0.0005274547201750041,0.000213748391261449,0.001020140265699276,0.001034320525100035,0.0009971787912703648,0.0009611522596400448,0.00090248686398606,0.0008518820433306218,0.0008172547832209979,0.0007923183662475944,0.001997264092508212,0.0007231369253375834,0.0006978051667476488,0.0007222994192168935,0.0006775279957768481,0.0007247402248678586,0.000699835360143021,0.0007182875947125381,0.0007984095690318503,0.0008355762485065435,0.0009050578476927328,0.000875275828441116,0.0009489944007781886
I,26,8.964566322946755e-05,8.971642892797733e-05,8.547522618380521e-05,8.261008618839672e-05,8.327477191041978e-05,8.675798218157989e-05,0.0001038298257845502,0.0001257656746304687,0.0001499173321077579,0.0001692140099985332,0.000181364972255382,0.0001919993705457222,0.0002003825785035846,0.0002069293092089799,0.0002080331747846748,0.0002069257646605982,0.0001992924839827389,0.0001886227072092351,0.0001762222851324223,0.0001613741384638027,0.000145288464223807,0.0001327797815929474,0.0001199211704791448,0.0001077216835974337
I,27,0.0001897797932340125,0.0005835087684955783,0.0002560581042461083,0.00110048171648204,0.001124307137804099,0.001100301598696419,0.00108364469604876,0.001043012702124167,0.00100927215250619,0.0009866947365285716,0.0009702147267175828,0.002308550640019834,0.0008990800652899965,0.0008690922550603442,0.0008925727745908316,0.0008304209069378887,0.0008706523686913505,0.0008237513538186819,0.0008281891849294876,0.0009020477490513993,0.0009308452555959809,0.001010281002625487,0.0009574993107242105,0.001029705434988242
I,28,2.514977918991985e-05,2.465163866307615e-05,2.389914101579145e-05,2.30490123339136e-05,2.299089416941058e-05,2.421136239326345e-05,2.79281239142798e-05,3.579676541674575e-05,4.236172318932991e-05,4.585955631002143e-05,4.688991022474822e-05,4.744035221058153e-05,4.792926107560596e-05,4.897921147527966e-05,4.897376101056742e-05,4.95078747009509e-05,4.950601029607174e-05,4.897343397147775e-05,4.740064763388773e-05,4.413251412130058e-05,4.042419925441271e-05,3.513793138506376e-05,3.201473067339292e-05,2.903705365403067e-05
I,28,0.0,0.0,0.0,0.0,1.017353488872788e-06,1.332668678256392e-06,2.25221006625336e-06,3.851412480161168e-06,5.999066732097057e-06,8.475650527926131e-06,1.059779029960078e-05,1.270345919723838e-05,1.408686599013236e-05,1.496310706181969e-05,1.496260057315476e-05,1.379998515144219e-05,1.161689728421518e-05,8.925365883692806e-06,6.790300533529045e-06,4.981219370727439e-06,3.701857439601232e-06,2.866718401227188e-06,2.138192857113612e-06,1.516280807260603e-06
I,29,0.0002571040038668163,0.0007050704890331594,0.0003506236507171921,0.001259418000431915,0.00128540875495443,0.001268990106782237,0.001272335246390266,0.00125106257184723,0.00122771002448522,0.0012062580632835,0.001187332327720309,0.002657639041858378,0.001105584389719206,0.001070914258600101,0.001093611747711316,0.001013468113148248,0.001051060420196769,0.00098913858107919,0.0009881699253142314,0.001069356432206479,0.001099520736739637,0.001210961491796534,0.001122829919093518,0.001195954788746275
I,30,3.413217693643177e-06,3.413217693643177e-06,3.134664034926027e-06,2.999851010761085e-06,2.999876270022801e-06,3.272559276938151e-06,4.006115625823139e-06,5.588381687057543e-06,7.117180776470787e-06,8.155137382736049e-06,8.594842216435725e-06,8.833357769967249e-06,8.827410010534222e-06,9.275848727996239e-06,9.507185889852213e-06,1.023368681995211e-05,1.096760239429176e-05,1.148576299178219e-05,1.096639686619732e-05,9.741794637991276e-06,8.153093331396109e-06,6.454187362569285e-06,5.333785232049247e-06,4.646109167404746e-06
I,32,0.0003111509411002765,0.0007956824209757466,0.0004198215834633241,0.001370956007207639,0.001398282892850655,0.001386143089706066,0.001402594380290297,0.001400472917362077,0.001396018655734734,0.001385409047894723,0.001369810464474366,0.002942849684609292,0.001282501087448536,0.001249055226898864,0.001276718334308579,0.001194683313887809,0.001243796923718778,0.001179069290577609,0.001173323669790017,0.001252168298804867,0.001268578604321972,0.001391007186752076,0.001262524280587623,0.001331282768233343
P,1,-0.183987744345308,-0.1485938967899103,-0.11270601470536,-0.1939161411075974,-0.1975680617479523,-0.1880415969666229,-0.1889676736724127,-0.2111132666200692,-0.2100019355763007,-0.1901306878600378,-0.1927241685729519,-0.1388922358073247,-0.1733049724903259,-0.1475670647727677,-0.1689965456620285,-0.1508919362497254,-0.1851941839984621,-0.1760012008495453,-0.152059005682964,-0.2110887722958069,-0.1968300206810948,-0.1721055934848558,-0.1677373434922523,-0.1927430548621666
P,2,-0.1850599509629437,-0.1496867047796185,-0.1137142485888244,-0.1949655414546923,-0.1987012923079194,-0.1893875974942099,-0.190589754021405,-0.2132215799443798,-0.2125457573777169,-0.1931091920115877,-0.1960294180577269,-0.1424885571496383,-0.1770824503602267,-0.1514540619558119,-0.1727994697107906,-0.1546341247445948,-0.1886459504040484,-0.1790539320239456,-0.1547491780538706,-0.2134528403289765,-0.1989031794801532,-0.1739293241283495,-0.1693191119838473,-0.1941180280555562
P,3,-0.1886788179279069,-0.1535043685939564,-0.1170611142567144,-0.1983961658767215,-0.2023901380521869,-0.1936416298605872,-0.1947121448911312,-0.2182392558754034,-0.2179634379597314,-0.1988177844715875,-0.2019561944701182,-0.1485244256096392,-0.1831910471922112,-0.1575626585557383,-0.1779645455188797,-0.1604518095646626,-0.1941727231095205,-0.1842170644839402,-0.1595850348965463,-0.2179977843908214,-0.2032299394258054,-0.1777659185328547,-0.1728119200985695,-0.1976071533060165
P,4,-0.02991795850727353,-0.02290193010915621,-0.01421646947312846,-0.03598962769707238,-0.03698718171738365,-0.03581599923817707,-0.03661476548658481,-0.04932185889329034,-0.04914752574867381,-0.04908597590659197,-0.04763536292537114,-0.03463712341310031,-0.03465408778976792,-0.04547889482621986,-0.03615026440713193,-0.03490279337425838,-0.04937775555334194,-0.03778612598779117,-0.03538002923981311,-0.04961346083595086,-0.0496404968126247,-0.0355108014709373,-0.04619743076202174,-0.04629619524517034
P,4,-0.1624281747401769,-0.1343583699865798,-0.1064077395826882,-0.165847351688624,-0.1688251875341829,-0.1613274058246348,-0.1614892570570322,-0.1724005250614963,-0.1723170217925002,-0.1532553492765934,-0.1579203621812912,-0.1176145796181235,-0.1523099879265985,-0.1158323176086152,-0.1454735786860278,-0.1294860694348275,-0.1486572732452542,-0.1504481383620717,-0.1282867795185835,-0.1723582498752521,-0.1575004557908099,-0.1461783929532956,-0.1303863376994768,-0.1550075765459064
P,6,-0.1654823318065744,-0.1374363731364961,-0.109416700789336,-0.1687697216677278,-0.1717526421869679,-0.1643494506854876,-0.1646626347433695,-0.1758062246990273,-0.1759372714073764,-0.1569449390919338,-0.1616209180123096,-0.1213398471458546,-0.1560647457619622,-0.1195698848556624,-0.1491408072724602,-0.1331363626847329,-0.1521679827720664,-0.1538722888280659,-0.1316819805300307,-0.1756873141012844,-0.1607859065061392,-0.149477800102318,-0.1336276119576289,-0.1581381798705262
P,7,-0.1671829298631743,-0.1393249956457197,-0.1110098643818206,-0.1702897470858296,-0.1733868531775325,-0.166340894907565,-0.1667406292784313,-0.1784352451671185,-0.1789793594723829,-0.1604026806063263,-0.1654969390716769,-0.1257044405312492,-0.1605608785693265,-0.1240358222278129,-0.1533333074824645,-0.1376308013107116,-0.1561262348676999,-0.1576067546089407,-0.1351067906471623,-0.1785439726959174,-0.1632928404128067,-0.1518758650131151,-0.1356322877066063,-0.1599088587304986
P,8,-0.1689633976774015,-0.1411129434091969,-0.1127146597139077,-0.1719537724035427,-0.1750525824568449,-0.1680864393430579,-0.1686583082990365,-0.1806484782397703,-0.1814827558675589,-0.163087224939825,-0.1682579072453362,-0.1285096392272257,-0.1633641454604887,-0.1269061670488074,-0.1562289988866725,-0.1406536732735568,-0.1592484240499986,-0.1608088015430763,-0.1382381862490789,-0.1814837458689331,-0.1659756843708983,-0.1543084858861837,-0.1378395841318302,-0.1619699172226874
P,9,-0.06917507421693052,-0.06917074071131993,-0.06935602169264254,-0.0696053958176422,-0.06937761134554246,-0.06914609899013875,-0.0684077116056824,-0.06753586302314264,-0.06707577716782515,-0.06616104487885602,-0.06693597840852701,-0.06508439064272759,-0.0659328405165625,-0.06537047595611295,-0.06531996415411076,-0.06508772345781845,-0.06521030687688455,-0.06553392991952273,-0.06597107160613462,-0.06665130360644357,-0.06638824152580806,-0.06710816652410774,-0.06760841901182053,-0.06828411554137175
P,9,-0.09263520500927108,-0.07532046401723684,-0.0563409000242041,-0.104975885160714,-0.1084347458779389,-0.09923241815862922,-0.1059808337332132,-0.1062057069988584,-0.1111705920660592,-0.100543115319317,-0.09446354293436661,-0.07812664679940526,-0.09164496202956439,-0.07478573205434226,-0.1023690020882822,-0.08145210553390912,-0.08980322763753221,-0.08880456917665863,-0.08146811753426063,-0.1081412251882666,-0.100779240009664,-0.1013405666594155,-0.08346573763263056,-0.1067911601872506
P,10,-0.07065082114487992,-0.07064845519419981,-0.07065031592415988,-0.07072001887075695,-0.07045892608886016,-0.0700857116008701,-0.06933548954409768,-0.06849636908159044,-0.06813802034111041,-0.06737470530946177,-0.06843699002832104,-0.06694655702127168,-0.06824092675490391,-0.0681757015171297,-0.06841920019856255,-0.06862390067487234,-0.06900000282203407,-0.0694367382146056,-0.06980457875018407,-0.07019490916489694,-0.0696616970474992,-0.06996874373696307,-0.07013611588391329,-0.0704157534310562
P,11,-0.09653979609639435,-0.07944158161443457,-0.06025874847122255,-0.1087774156196418,-0.11229995103434,-0.1035562646358251,-0.1107386564363169,-0.1117093722306735,-0.1173215580428521,-0.1072902058912151,-0.1014726929566383,-0.08572308662415966,-0.0991779942569855,-0.0823527674222184,-0.1098514477861583,-0.08880299177340954,-0.09657911589218593,-0.09512677434959357,-0.08739161431827967,-0.1136511808444194,-0.1059518193681221,-0.1065448639585974,-0.0880930730223147,-0.1111509359250191
P,11,0.000836372,0.000836372,0.0008000080000000001,0.000836372,0.0009091,0.00109092,0.001418196,0.001854564,0.002290932,0.0027273,0.003054576,0.003345488,0.003527308,0.0036364,0.0036364,0.003490944,0.003200032,0.002800028,0.002436388,0.002109112,0.0018182,0.001600016,0.001381832,0.001163648
P,12,-0.07342907520000005,-0.07342909618060682,-0.07342907361074198,-0.07338543840000006,-0.07321130799164623,-0.07290543360000008,-0.07246975231434712,-0.07199152948048974,-0.07188774453197543,-0.07115996160000007,-0.07226271141994003,-0.07076958313936306,-0.07211627733327083,-0.07211956920302001,-0.07216964038324697,-0.07235245901141274,-0.07258091039871224,-0.07287591048973864,-0.07313791024258422,-0.0733696777553508,-0.07282354176138742,-0.07303644564727547,-0.07316736068394147,-0.07329883532103904
P,13,-0.09988456789441998,-0.08283497898931784,-0.06354945998900005,-0.1119691718588625,-0.1154612092307914,-0.1067481461958894,-0.1138964166370104,-0.1149073853780001,-0.120562630685065,-0.1105884014140885,-0.1047841610452125,-0.089137634316153,-0.1026103107094889,-0.0858042015604815,-0.1133361074776573,-0.09238073352386059,-0.1001616073691584,-0.09879492930140704,-0.09111292414574307,-0.1173603592724566,-0.1096146204997539,-0.1102366841091379,-0.09164689675834968,-0.1146367941221675
P,16,-0.1033266655107707,-0.08638587264084517,-0.06695917118791762,-0.115247237534944,-0.1187154518157628,-0.1100733638611841,-0.1171432843688674,-0.1181987243163249,-0.123905676096011,-0.1140169375711926,-0.1081968027164222,-0.09273628179055719,-0.1061589804521085,-0.08934981954735247,-0.1169100353169642,-0.0960749092503821,-0.1038203482534728,-0.1025564170975187,-0.09494870712117831,-0.1211669644744717,-0.113363362760203,-0.1140977389311716,-0.0952869149398344,-0.1182136702656965
P,17,-0.05114131368132008,-0.03433388317936798,-0.02117072801810091,-0.06294685784753674,-0.06651487758337588,-0.05836638556178882,-0.06580295304487958,-0.05775743097074483,-0.05971540431479312,-0.05432341876076614,-0.04635273208507239,-0.03610749215196234,-0.04298189359121442,-0.03471353111585652,-0.05359264513122338,-0.03628314207884697,-0.04374980509802177,-0.04212714145471002,-0.03530166779496183,-0.05608342474297844,-0.04980652107741514,-0.05812289941590323,-0.04398861619486617,-0.0586389712287395
P,17,-0.05499647523726007,-0.05499578718224913,-0.04866234888207115,-0.05499716195663448,-0.0549121183835687,-0.0546963716246824,-0.05451663261513451,-0.06400044646895699,-0.06799099938147068,-0.06366986997710654,-0.06576839040657705,-0.06068768247810413,-0.0671462269158597,-0.05855593732630091,-0.06708871191145123,-0.06352711987981526,-0.06355918156139596,-0.06383075155497342,-0.06297877108550326,-0.06829188408884082,-0.06671679556760264,-0.05927248739064648,-0.05434228157918864,-0.06250445168179701
P,18,-0.05409055429959119,-0.03728535597727802,-0.02408341072236451,-0.06578800233203284,-0.0693567585536495,-0.06128035800899381,-0.06889911348118995,-0.06107099514189462,-0.06324751729663292,-0.05792765429474316,-0.04995557102062923,-0.03971567317300577,-0.04662098232840651,-0.03835181226439841,-0.0571962986338604,-0.03981305859126619,-0.04717049792326117,-0.04543856281089868,-0.03857684700958962,-0.05932401866073635,-0.05300965497190474,-0.06132962095605459,-0.04715527444899569,-0.06169773590850934
P,20,0.004509159249548854,0.004509159299343688,0.004400066777619834,0.004327338171437795,0.004290973639051143,0.004509159776389809,0.004945531785568261,0.005527360787861958,0.006000096148255761,0.00625464556045508,0.006363738258683719,0.006400102305708753,0.006400102260760147,0.006472830255452239,0.006436464842155319,0.006472827467589458,0.006436460782737624,0.006400094855190944,0.006218272991346893,0.006000088377729112,0.005745540380278929,0.005454627795993297,0.005163714616900198,0.004945529446419788
P,20,-0.06043713887389578,-0.0436764036222238,-0.03023976172337871,-0.07186205062883017,-0.07540817289587065,-0.06761422369528332,-0.07585858284144964,-0.0688860933536516,-0.07183603962105119,-0.06694763625697871,-0.05912504803706922,-0.04907142819119198,-0.05586155560731987,-0.04771903246698843,-0.06660075580038459,-0.04934332483658135,-0.05676733978795314,-0.05506994255864518,-0.04795673119162958,-0.06833709475917978,-0.06149090532062917,-0.06934537058353002,-0.05457923488073831,-0.06878085262085343
P,21,0.002763664,0.002763664,0.0027273,0.002690936,0.002654572,0.002800028,0.003054576,0.003345488,0.003527308,0.003600036,0.0036364,0.0036364,0.0036364,0.0036364,0.003563672,0.003490944,0.003345488,0.003236396,0.003127304,0.00309094,0.00309094,0.003054576,0.002981848,0.00290912
P,22,-0.05515822825000112,-0.04840487192604718,-0.0446907308625844,-0.07608075092989267,-0.07620446827121637,-0.074864010346766,-0.07368504517006051,-0.0698409542952403,-0.06716850048114253,-0.06623545274404985,-0.0648964282513168,-0.0639002200413386,-0.0622641016165108,-0.06103349765233836,-0.06267996613597347,-0.06087059082236814,-0.06347366279797485,-0.063289767216242,-0.06386974792313034,-0.06781676002237662,-0.06948338063496604,-0.070997619490976,-0.07068212155056143,-0.07401920628496662
P,22,0.00327276,0.00327276,0.003200032,0.003127304,0.00309094,0.00309094,0.00309094,0.003127304,0.003163668,0.003200032,0.003236396,0.00327276,0.003345488,0.003381852,0.003418216,0.003490944,0.003527308,0.003600036,0.0036364,0.0036364,0.003600036,0.003563672,0.003490944,0.003418216
P,24,0.009720127300777398,0.009720199274054217,0.009462023094631742,0.0093563216400061,0.009472478529903565,0.009999590732196587,0.01104908874804435,0.0125098953369084,0.01396627217970364,0.01517540359332425,0.01596572568978703,0.01599427585808071,0.01657501754851735,0.01686087412074971,0.0168016091507605,0.01674598896728191,0.01625455603821723,0.01594353264259156,0.01511100474820683,0.01379010600310421,0.01290994064567499,0.01220577085308005,0.01173832388109364,0.01072232498645762
P,24,-0.01285344956199242,-0.01283451289039577,-0.01312788267947344,-0.03333815297952375,-0.0335778435359811,-0.0329313575739469,-0.03229498626269015,-0.03120974640005973,-0.03023934845073875,-0.02953947600977283,-0.02902908146317877,-0.02802065100346701,-0.02753898740261154,-0.0269646730394324,-0.02753111620933701,-0.02649382784252178,-0.02757840251095579,-0.02701569142606103,-0.02743259438492259,-0.02916043315143673,-0.02991572642555386,-0.03069425042690942,-0.0306983177894264,-0.03207728072627827
P,26,0.008800164850946703,0.008800165010911255,0.008581975755190034,0.008436516866799573,0.008472904431136477,0.008800192810235889,0.009491144225257627,0.01047303921355031,0.01145494205192336,0.01218230012258374,0.01261872416309427,0.01298241659168364,0.0132733612986577,0.01349157267175985,0.01352793947468594,0.01349155800968862,0.01323696841660814,0.01287327144560294,0.01243684547733932,0.01189132411327007,0.01127308139054255,0.01076393888916073,0.01021844421522922,0.00967295717626372
P,27,-0.01416338859308252,-0.01414618432897682,-0.01443811333513199,-0.03468846309907624,-0.03507371444993016,-0.03468167090098057,-0.03440886626199874,-0.03372345165594898,-0.03315290921036444,-0.03274384946661352,-0.03245156637058269,-0.03155811658883326,-0.03114297935489869,-0.03056853304535462,-0.03102598749219615,-0.02980660565726004,-0.03060044538137787,-0.02967388789551102,-0.0297635344259481,-0.03120078616153238,-0.03173802214467866,-0.03233507566332073,-0.03222981878639376,-0.03350000743026946
P,28,0.004690997641255842,0.004690997641255842,0.004581902242901205,0.004472808598182311,0.004472808598490474,0.004618267925223157,0.004981916874610616,0.00549103217825658,0.006000146726172961,0.006254707492671862,0.006327440857075036,0.006363807663523391,0.006400171590960078,0.006472905165349318,0.006472907987669864,0.006509280747538908,0.006509289804752609,0.00647293202287319,0.006363833790043616,0.006145634849901409,0.005854703467738797,0.005600134741085804,0.00534557307217981,0.00509101668253182
P,28,0.000836372,0.000836372,0.0008000080000000001,0.000836372,0.0009091,0.00109092,0.001418196,0.001854564,0.002290932,0.0027273,0.003054576,0.003345488,0.003527308,0.0036364,0.0036364,0.003490944,0.003200032,0.002800028,0.002436388,0.002109112,0.0018182,0.001600016,0.001381832,0.001163648
P,29,-0.01674842057779144,-0.01673677109803088,-0.01702430506840087,-0.03721319588236374,-0.03759876941069366,-0.03735197827361883,-0.03740649111282701,-0.03708445272841845,-0.03673180471014013,-0.0363952069617026,-0.03610268929200341,-0.03522747120794983,-0.03479308860133105,-0.03421821227707864,-0.03460322027772331,-0.03323738842471587,-0.03388623853058829,-0.03281345721506783,-0.0327939997330222,-0.03419589407682906,-0.03469714020181402,-0.03525921148103256,-0.03508013387739037,-0.03624213716484043
P,30,0.001745472,0.001745472,0.001672744,0.00163638,0.00163638,0.001709108,0.001890928,0.00218184,0.002472752,0.002654572,0.0027273,0.002763664,0.002763664,0.002836392000000001,0.002872756,0.002981848,0.00309094,0.003163668,0.00309094,0.00290912,0.002654572,0.002400024,0.00218184,0.002036384
P,32,-0.01849874653247247,-0.01849465574379805,-0.01870359815268047,-0.03887096266289832,-0.03925696262382197,-0.03908270997282522,-0.03931929945378912,-0.03928814010361712,-0.03922633446701872,-0.03907139134284962,-0.03885135833524879,-0.03803704353024256,-0.03757675961829512,-0.03707408953869441,-0.03749589308373847,-0.0362378734844125,-0.03699658176177116,-0.03599551856208854,-0.03590324358214913,-0.03712454790229041,-0.03737150202620104,-0.03768093519314563,-0.03728166912467336,-0.03829928904359552
P_DSO,value,-0.1836412567507927,-0.1482168516344667,-0.1123998145614771,-0.1936029607242705,-0.1972388852108812,-0.1876677359050044,-0.1886699360384645,-0.2107435879664225,-0.2096349323466169,-0.1897689394984466,-0.1923644029953919,-0.1385327132634555,-0.1729478001987444,-0.1472090404650677,-0.1687599851086444,-0.1505325769655582,-0.1848334384981375,-0.175637484559174,-0.1516919580233432,-0.2107181131699176,-0.196459121373171,-0.171779869969461,-0.167445731248247,-0.1924335336979469
P_renewable_dist,1,0.0,0.0,0.0,0.0,0.0,0.0,0.0,0.0,0.0,0.0,0.0,0.0,0.0,0.0,0.0,0.0,0.0,0.0,0.0,0.0,0.0,0.0,0.0,0.0
P_renewable_dist,2,0.0,0.0,0.0,0.0,0.0,0.0,0.0,0.0,0.0,0.0,0.0,0.0,0.0,0.0,0.0,0.0,0.0,0.0,0.0,0.0,0.0,0.0,0.0,0.0
P_renewable_dist,3,0.0,0.0,0.0,0.0,0.0,0.0,0.0,0.0,0.0,0.0,0.0,0.0,0.0,0.0,0.0,0.0,0.0,0.0,0.0,0.0,0.0,0.0,0.0,0.0
P_thermal_dist,1,0.05600000000000001,0.05599943358224913,0.04962235848207115,0.05600000000000002,0.05599999999999984,0.056,0.0562184678151345,0.06622592326895699,0.06998805671936424,0.06694262997710654,0.06943388160657704,0.0633658784292178,0.06997785997711137,0.06158584893984029,0.06999867826193408,0.06633023102375339,0.06739921996139596,0.06714125871043353,0.0649297599798647,0.06999360431586255,0.06889863556760265,0.06055969002093217,0.0560002345026111,0.06389774199517198
P_thermal_dist,2,0.054999499028689,0.04826972711938778,0.044,0.0549998332971768,0.0549998190111686,0.055,0.05499981817993763,0.055,0.055,0.055,0.055,0.055,0.055,0.055,0.05499985777291295,0.05499982711434112,0.055,0.05499681756494006,0.055,0.055,0.055,0.055,0.05499967942359638,0.0549998304796669
P_thermal_dist,3,0.03301617130727353,0.02600014290915621,0.01731464631680581,0.03900000000000001,0.03900529413196792,0.03900121634367641,0.03900072446027958,0.05199824929329034,0.05199846334867381,0.05199509590659197,0.05199876003173616,0.0390007567051445,0.0390176754515909,0.04838801482621986,0.03900167241451958,0.03900456792208305,0.05199596355334195,0.04153876518607243,0.03900180657153424,0.05199893923595086,0.0519968840126247,0.03900091344765722,0.04879869574019291,0.048478348304449
P_thermal_dist,4,0.07500000000000007,0.07500002098060683,0.074999998410742,0.07500000000000005,0.07500041679164622,0.07500000000000008,0.07500068671434712,0.075,0.0750000000000001,0.07500000000000007,0.07499998100268729,0.07499647368720272,0.075,0.0750000000000002,0.07499997872289609,0.07499975821141273,0.075,0.0750000000000001,0.07500060935575512,0.075,0.075,0.07499998202554736,0.07500010628394148,0.07499998151330496
P_thermal_dist,5,0.02000399790177865,0.02000012534379805,0.01999997475268047,0.04000000000000001,0.04,0.0399993495611277,0.04000000000000001,0.04,0.04,0.04,0.04,0.03999999999999986,0.04,0.04,0.03999985457774574,0.04,0.04,0.04000000000000001,0.04000000000000001,0.04000000000000001,0.03999880102620104,0.03999914019314563,0.03999324406791143,0.03999964641792917
P_thermal_trans,1,0.1674382095517132,0.1999999987512751,0.1,0.1999996509155397,0.2,0.2,0.2000000628561948,0.2741261779350344,0.3,0.2940506368563993,0.3,0.3,0.3,0.3,0.3000000148911618,0.3,0.3,0.3,0.3,0.2784117868345047,0.2756506397839275,0.2,0.1697942092360147,0.1
P_thermal_trans,2,0.3,0.3,0.45,0.3,0.3686611147890946,0.45,0.45,0.45,0.45,0.45,0.5130748191945074,0.45,0.6,0.5999999916672318,0.6,0.5685374230340401,0.59377618562197,0.6,0.45,0.45,0.45,0.45,0.45,0.3834864663019141
P_thermal_trans,3,0.0,0.01488314961393588,0.1100000000000136,0.02072739235248813,0.1100000000000136,0.1100000000000201,0.1100000000000136,0.1100000000000136,0.1100000000000136,0.1100000000000136,0.1100007778098031,0.1966072867363781,0.2200000000000268,0.1831909677022754,0.2200000000000268,0.2200000000000268,0.2200000000000268,0.1586525154404521,0.2075876823838014,0.1100000000000136,0.1100000000000136,0.1100000000000136,0.1100000000000137,0.1100000000000136
P_thermal_trans,4,5.336971902843757e-07,0.1,0.1,0.1,0.1,0.1,0.1,0.1000002340985062,0.1115450676530144,0.100000421415111,0.2,0.2,0.2,0.1999999936869755,0.2,0.2,0.2,0.2,0.2,0.2,0.1000002388428351,0.1,0.1,0.1
P_thermal_trans,5,0.1600000000000815,0.1600000000000845,0.1600000000000815,0.1600000000000815,0.1600000000000815,0.179382244929365,0.2400000000001223,0.2400000000001223,0.2400000000001223,0.2400000000001224,0.2400000000001223,0.2400000000001223,0.2562821997521201,0.2400000000001224,0.3200000000001632,0.2400000000001223,0.2400003842850871,0.2400000000001222,0.2400000000001221,0.2400000999955844,0.2400000000001223,0.1600000000000814,0.1600000595157497,0.1600000000000815
Q,1,-0.08273972611450728,-0.1465393630413561,-0.1525173175739636,0.002883142540783625,-0.02032097595133094,-0.08982060913357583,-0.008018719618998056,-0.002801082212395363,0.004660950318713106,-0.0779798099051625,-0.07156262494419247,-0.1482323479063457,-0.1078910771851262,-0.1423289372887337,-0.00128904395705471,-0.1383237075695317,-0.09184716959205774,-0.1082241101848924,-0.1403523765659796,0.004152625343469915,-0.07268854134025503,-0.08973128691293593,-0.07955441906822885,-0.008383304700242027
Q,2,-0.08331557635407383,-0.1471301315158537,-0.1530555633928513,0.002323807573249997,-0.02092357457378782,-0.09053367922188225,-0.008853223681477245,-0.003883038411781457,0.003368274213257119,-0.07948260802438409,-0.0732235458360901,-0.1500342794450862,-0.1097805879120917,-0.144271592954911,-0.003170819239084458,-0.140196384584166,-0.09357930625746576,-0.1097632176237124,-0.1417161480196218,0.002946512445324009,-0.07375376112852253,-0.09066821028891052,-0.0803684524483631,-0.009099913737275518
Q,3,-0.08583041134452278,-0.1498068439408247,-0.1553489116128188,-2.574579296284632e-05,-0.02343539830109471,-0.09342173484085825,-0.01151409746803537,-0.007140942882610268,-8.336194879950406e-05,-0.08307513920417246,-0.07692174835000032,-0.1537853179250619,-0.1135668498711048,-0.1480578552095845,-0.006224782199740219,-0.1438417514310159,-0.09708377819191079,-0.1130915704681984,-0.1448859941745874,-8.243795216446676e-05,-0.0766770401066804,-0.09325234841721922,-0.08270864673778333,-0.01147310551301655
Q,4,0.001500131033284893,0.001500401650608989,-0.01487439268762245,-0.01022451087563534,0.0009741895597494563,0.001542671052900974,-0.03105778467845858,-0.04729266133143997,-0.00308404865728595,-0.01924214942195641,0.002113289670798102,0.002113404060743403,0.002113381961018588,-0.0143125025191864,0.001376806618082118,0.001986580082572837,-0.01450610064336805,0.001817486115208678,0.001754106820553241,-0.0008175166482016678,-0.03107289092060189,0.001690338378684789,0.001259850129468909,-0.03118073425450073
Q,4,-0.08930999517358294,-0.1533753843104569,-0.1423873463341434,0.00837089815258704,-0.0262376305676084,-0.09687200228853426,0.01774617481007089,0.03828214948484016,0.001131468225381565,-0.06570580817952114,-0.08096519432988186,-0.1579380728316585,-0.1177278337304527,-0.135749524390147,-0.009497941005122749,-0.1479649463373465,-0.0846205246264288,-0.1170695228119146,-0.1488464215453614,-0.00136317200542877,-0.04765805184862396,-0.09702800917322371,-0.08593973363738522,0.01777429734351086
Q,6,-0.09083843915856886,-0.1549261840220186,-0.1438898985869863,0.006916566453937783,-0.02769672914809456,-0.09838682046798915,0.01617187887157193,0.03658892808464807,-0.0006640177732274092,-0.06753334189278545,-0.08280300868447263,-0.159799054442844,-0.1195999831031515,-0.1376055575862579,-0.01130451106640776,-0.1497885982441033,-0.08636275487571066,-0.1187800420246337,-0.150546280005429,-0.003017506615946709,-0.04928797812801844,-0.09867101960924746,-0.08754472382369374,0.01622362304927977
Q,7,-0.0918882526800207,-0.1561162697541464,-0.1448690793969483,0.006001465853282351,-0.02867798219821667,-0.09958699679604932,0.01499278454663766,0.03511295247264872,-0.002333953050341155,-0.06939916612766622,-0.08489523145415825,-0.1621796332027701,-0.1220311104007601,-0.1399856077024348,-0.01348056837990739,-0.1522279784443535,-0.08847825737131952,-0.120833277728421,-0.1524636708477884,-0.004596689669562972,-0.05068238993789914,-0.1000413125398992,-0.08867863681602209,0.01520717830800466
Q,8,-0.09276861916717144,-0.1570041161906022,-0.1457112776239865,0.005181285529316172,-0.02949986647494948,-0.100451192015412,0.01405021529707159,0.03402484605902744,-0.003562205898899264,-0.07071480635964683,-0.08624979130416241,-0.1635596714642674,-0.1234092168574774,-0.1413932878670142,-0.01489484301685229,-0.1537131772983532,-0.09000651712034612,-0.1224038910073125,-0.1540011370163916,-0.006036293964978802,-0.05199632979453389,-0.1012362940969295,-0.08976080658246717,0.01419623803069738
Q,9,-0.03468941474605188,-0.03468805230345514,-0.03473602974813659,-0.001611390311825896,-0.05379587530333766,-0.01587648961195794,0.003223437766215957,0.003676076815894945,-0.03364384308759692,0.004342954214413864,-0.03309790719721695,-0.03292127130003656,-0.05164781861816733,-0.07020490072377514,-0.03232407161927196,-0.07006640775009329,-0.07012254090335644,-0.07028112889058195,-0.07049154700568513,-0.03309916370123654,-0.04361936114930513,0.003889267680289147,-0.03390782451666612,0.00329443924560322
Q,9,-0.0598255951147276,-0.1245447688496593,-0.1128801426089504,0.005193932416319436,0.0225704469013461,-0.08655625721267389,0.009076056454472382,0.02850735567504439,0.02824826058432277,-0.07748540637687608,-0.05502874026968575,-0.1335726101059119,-0.07419133475754401,-0.07313907920808822,0.01547751529420289,-0.08581899160957494,-0.02180999390510832,-0.05420223440782895,-0.08572971292564426,0.02509766749039158,-0.01014897847911188,-0.1077249892844168,-0.05773869426189607,0.009062028561690447
Q,10,-0.03544929876696755,-0.03544942267430913,-0.03540813172212801,-0.002187204073378786,-0.05437608864187967,-0.01636938682034206,0.002739478449036947,0.003177251954822528,-0.03419980070927027,0.003721898295316235,-0.03386702059650069,-0.03386462662163325,-0.05281958263317591,-0.07163390442797185,-0.03386675505509856,-0.07185042223719079,-0.07202906125822237,-0.07224352125847631,-0.0724213038899563,-0.03485923290608636,-0.04525421560577697,0.002467718907666407,-0.03517648529030185,0.002226381626290244
Q,11,-0.06182538528140814,-0.1267267162310998,-0.1149170458030653,0.003254884111305544,0.02059080858850183,-0.08880491660607587,0.006669984929560765,0.02573342640068943,0.02515043345498362,-0.08090302045014384,-0.05853702109665671,-0.1374711244067986,-0.07797160888804365,-0.07690902081437298,0.01175277641755908,-0.08951093139152978,-0.0251739609671118,-0.05736624648240342,-0.08872703964730362,0.02231844411723332,-0.01274821501253422,-0.1104417680767187,-0.06007393085967069,0.006848042842671148
Q,11,0.0004050734474674444,0.0004050734474674444,0.0003874615584471208,0.0004050734474674444,0.0004402972255080918,0.0005283566706097101,0.0006868636717926233,0.0008982063400365072,0.001109549008280391,0.001320891676524275,0.001479398677707188,0.001620293789869778,0.001708353234971396,0.001761188902032367,0.001761188902032367,0.001690741345951072,0.001549846233788483,0.001356115454564923,0.001179996564361686,0.001021489563178773,0.0008805944510161836,0.0007749231168942415,0.0006692517827722995,0.0005635804486503575
Q,12,-0.0368336476562551,-0.036835352638974,-0.0367927781639996,-0.003509092212577137,-0.05575710166902933,-0.01776804156795159,0.001191428514325129,0.001454951970167783,-0.03605256573275002,0.001858920422609842,-0.03575723745154354,-0.03575300670131933,-0.05474362302099908,-0.07360464137043866,-0.03572000804912433,-0.073717446998073,-0.07382414267505318,-0.0739706908848821,-0.07409785364482946,-0.03643488871823525,-0.0468282346445949,0.0009506896658608289,-0.03668301040241961,0.0007993201266565228
Q,13,-0.06345674859198187,-0.1283893388411317,-0.1165251860125627,0.001698828073202093,0.01904859346691264,-0.09036681824309327,0.005130018519530145,0.02417334803707898,0.02356843898381407,-0.08251597178048636,-0.06015273984783462,-0.1391473437711813,-0.07964772083088281,-0.0785916578677245,0.0100545451494592,-0.09125747129168342,-0.02691778925697946,-0.0591536142501515,-0.09054281343842016,0.0205104691813913,-0.01453214100262646,-0.1122501141546514,-0.06180509486281415,0.005149040976187344
Q,16,-0.06520842496922366,-0.1302480564778769,-0.1182813295226854,3.587558130872586e-05,0.01739091422875123,-0.09209432769872654,0.003479595184363009,0.02249733636781805,0.02185972041252008,-0.08429063662077,-0.06189360096982983,-0.1410530450077422,-0.0814679193461089,-0.08039068814652153,0.008245827113259569,-0.09314816643306198,-0.02875545549103451,-0.06105603899942372,-0.09250016946144526,0.01858182032253691,-0.01642202578801574,-0.1142686656035423,-0.06364250596801414,0.00333742229560062
Q,17,-0.02102809219705965,-0.06232891207332087,-0.05028041620523899,0.004031016615936639,0.01546517792008693,-0.02440895280713946,0.005386327908215002,0.01961066524999379,0.02142764957383372,-0.01998886147244366,-0.006072225589039614,-0.07450768209537352,-0.01493777274079713,-0.01389843988763391,0.007269673511262134,-0.02647191472853636,0.007703954405916726,-0.00402186338485217,-0.02521787721255612,0.01929528356049992,0.006156185609912342,-0.04666870064363171,-0.02089332088759609,0.005431941591980046
Q,17,-0.04564871662891703,-0.06951259627585814,-0.06953277528817826,-0.005382604088103055,0.0005262624656068945,-0.06929118759430833,-0.0035283955556786,0.001066896461542495,-0.00151563910533572,-0.0663909843444325,-0.05786310035108262,-0.06870289049978842,-0.06861743223607213,-0.06853254682985807,-0.0009465406400042565,-0.0686423913106736,-0.03825343946115465,-0.05881714843334544,-0.0690516248464397,-0.002370871812384464,-0.02421005190814761,-0.06937657931274749,-0.04432187022840221,-0.003604652527713524
Q,18,-0.0224584118257169,-0.06376146388186345,-0.05169293003110694,0.002652536788026124,0.01408596160672589,-0.02582275637592996,0.003884096905177781,0.01800354318837378,0.0197144913570224,-0.02173663802978514,-0.007818605537697434,-0.07625940412930579,-0.01670165037998676,-0.01566150993818449,0.005522478985378971,-0.0281828764863298,0.006045960012766574,-0.005626842651598952,-0.0268053664389696,0.01772362752119121,0.004603237479545854,-0.04822523640748423,-0.02242854549595063,0.003948354234503413
Q,20,0.002183885863094958,0.002183885888188298,0.002131049960352537,0.002095825878986489,0.002078213723940865,0.002183886126677933,0.002395230799536293,0.002677023525441508,0.002905979761931335,0.003029263692189274,0.00308209970808726,0.003099711621358556,0.003099711598131191,0.003134935373160889,0.003117322777459052,0.003134933980501725,0.003117320748191668,0.003099707894569605,0.003011647518232157,0.002905975877294987,0.002782692655456597,0.002641797251935427,0.002500901549192588,0.002395229629985202
Q,20,-0.02557950657876042,-0.06692702148138074,-0.05471755738891312,-0.0003460480846657328,0.01109125653144077,-0.028949883963532,0.0004501766613741118,0.01416408140054096,0.01549543210139104,-0.02616211301302202,-0.01229980712009848,-0.08088937542323255,-0.02121644137075587,-0.02022793423556191,0.0009188143548840058,-0.03283733966029363,0.001362421227315362,-0.01032617072954649,-0.0313844774470579,0.01330503591361744,0.0004539252993620527,-0.05219034762950743,-0.02606441543098925,0.0004657938792399185
Q,21,0.001338503565544599,0.001338503565544599,0.001320891676524275,0.001303279787503951,0.001285667898483628,0.001356115454564923,0.001479398677707188,0.001620293789869778,0.001708353234971396,0.001743577013012044,0.001761188902032367,0.001761188902032367,0.001761188902032367,0.001761188902032367,0.00172596512399172,0.001690741345951072,0.001620293789869778,0.001567458122808807,0.001514622455747836,0.001497010566727512,0.001497010566727512,0.001479398677707188,0.001444174899666541,0.001408951121625893
Q,22,-0.02786679879584001,-0.06921858779926493,-0.0568746133048196,-0.002390979587050203,0.009122087607186235,-0.03088099497452381,-0.001475037378361917,0.01219884640909038,0.01347589490089476,-0.02828077734680636,-0.01457927367774622,-0.08323374713684452,-0.02391525700504857,-0.02316796141033475,-0.002025846270693595,-0.0359714541618586,-0.002224253227292094,-0.01399971260917724,-0.03472185440041577,0.01006281409742484,-0.002644024403552448,-0.05511589169840837,-0.02902170775945653,-0.002069134715676492
Q,22,0.00158507001182913,0.00158507001182913,0.001549846233788483,0.001514622455747836,0.001497010566727512,0.001497010566727512,0.001497010566727512,0.001514622455747836,0.001532234344768159,0.001549846233788483,0.001567458122808807,0.00158507001182913,0.001620293789869778,0.001637905678890102,0.001655517567910425,0.001690741345951072,0.001708353234971396,0.001743577013012044,0.001761188902032367,0.001761188902032367,0.001743577013012044,0.00172596512399172,0.001690741345951072,0.001655517567910425
Q,24,0.004707740499837371,0.004707775427952941,0.004582731143948386,0.004531535271973823,0.004587796901273211,0.004843094932074901,0.005351405340877054,0.00605893383885022,0.006764318662350535,0.007349953288891549,0.007732740027613144,0.007746581763580463,0.008027857024404747,0.00816631276679376,0.008137611065114724,0.008110671845232254,0.007872651943634196,0.007722003617612163,0.007318774877296006,0.006679013167051264,0.006252707660659065,0.005911642907628446,0.005685232482678822,0.005193149179635664
Q,24,0.003455671073581175,-0.0203739046776345,-0.007901722135180887,0.003233450948086092,0.003125248805607234,0.003431262217286344,0.003741404573606773,0.004271469596784898,0.004740885278991077,0.005069596772598066,0.005322138856277229,-0.0375088316901245,0.006043840781765266,0.006321693467413726,0.006036778578663327,0.006548691066709477,0.006022373975944038,0.006294522331173503,0.006094506486180901,0.005260832308242112,0.00488832146647705,-0.00724240613831429,0.004495731663238268,0.003843163262046495
Q,26,0.004262144808167075,0.004262144926421571,0.004156468969069967,0.004086018889957329,0.004103646193220395,0.004262162451269132,0.004596814885050318,0.005072386721574436,0.005547963184918433,0.005900256250631442,0.006111637248569995,0.00628779133586535,0.006428707997097788,0.006534398936130521,0.006552013355600197,0.006534392334022532,0.006411084092024787,0.006234929257958662,0.006023546629612825,0.005759323542938234,0.005459879692123529,0.005213276209890954,0.004949070943536459,0.004684872040406173
Q,27,0.002820808151078181,-0.02101050012087461,-0.008536876692048024,0.002576968934781597,0.002398214404367727,0.002581050217668557,0.002715147011064011,0.003051659998844406,0.003327493359894158,0.00351540908196886,0.003662352380828704,-0.03922734251041424,0.004296307817336842,0.004574292448479419,0.004342109949793404,0.004942355313869553,0.004556756316834529,0.005005229964208571,0.004963701556466607,0.004270597513008282,0.004003631333823651,-0.008039386380889612,0.003751819327417583,0.003151768886340049
Q,28,0.002271971229016363,0.002271971229016363,0.002219132497865147,0.002166295347860912,0.00216629534813876,0.002236745903733132,0.002412872863056206,0.002659456714263509,0.002906039884080547,0.003029334618006879,0.003064563232792407,0.003082177652225771,0.003099789475818867,0.003135018279953619,0.0031350208246624,0.003152640611932535,0.003152648778264272,0.003135042495748389,0.003082201208922168,0.002976516404175716,0.002835603816298755,0.002712301905190811,0.002589006357625111,0.002465715570046136
Q,28,0.0004050734474674444,0.0004050734474674444,0.0003874615584471208,0.0004050734474674444,0.0004402972255080918,0.0005283566706097101,0.0006868636717926233,0.0008982063400365072,0.001109549008280391,0.001320891676524275,0.001479398677707188,0.001620293789869778,0.001708353234971396,0.001761188902032367,0.001761188902032367,0.001690741345951072,0.001549846233788483,0.001356115454564923,0.001179996564361686,0.001021489563178773,0.0008805944510161836,0.0007749231168942415,0.0006692517827722995,0.0005635804486503575
Q,29,0.0015669188369836,-0.02227039197732417,-0.009792019169410606,0.001344872391173549,0.001165769838135108,0.001278377965382175,0.001253923027660773,0.001414602084197635,0.0015850771301892,0.001738056435485222,0.001885253225243369,-0.04102414366215917,0.002520304083943861,0.002798753409020808,0.002601490428382605,0.003273257481829263,0.002957602095374765,0.003477353051474277,0.003488673290780695,0.002812093350812651,0.002562334707817029,-0.00946456427298984,0.002363046022965372,0.001814851529267816
Q,30,0.0008453706729755362,0.0008453706729755362,0.0008101468949348889,0.0007925350059145651,0.0007925350059145651,0.0008277587839552124,0.0009158182290568309,0.00105671334121942,0.00119760845338201,0.001285667898483628,0.001320891676524275,0.001338503565544599,0.001338503565544599,0.001373727343585247,0.00139133923260557,0.001444174899666541,0.001497010566727512,0.001532234344768159,0.001497010566727512,0.001408951121625893,0.001285667898483628,0.001162384675341362,0.00105671334121942,0.0009862657851381258
Q,32,0.0007180632734676115,-0.02312467429341496,-0.01060686806608057,0.0005369827729338808,0.0003575740638204358,0.0004350944737677387,0.0003223957415445628,0.0003422034463038218,0.0003718332678630251,0.0004368719558208473,0.0005490196715170648,-0.042395607048632,0.001167436506219932,0.001411036646894358,0.001195851950432781,0.001815702129047181,0.001446661003101742,0.001931913225480407,0.001978521498951535,0.001389117944590274,0.001262458728964858,-0.01064252822896967,0.00129219240980316,0.0008136754720737842
Q_DSO,value,-0.08241741207309776,-0.1461886233618737,-0.1522324802308168,0.003174473129924952,-0.0200147652191718,-0.08947283140183765,-0.007741754378116043,-0.002457195092724092,0.005002348671907353,-0.07764329980135676,-0.07122795929064826,-0.1478979083306534,-0.1075588238906318,-0.1419958914211058,-0.001068987628325348,-0.1379894198633297,-0.09151159238245347,-0.1078857694496633,-0.1400109368826114,0.004497424530343732,-0.0723435187282329,-0.08942828829396408,-0.07928315186450303,-0.008095378035851659
Q_renewable_dist,1,0.0,0.0,0.0,0.0,0.0,0.0,0.0,0.0,0.0,0.0,0.0,0.0,0.0,0.0,0.0,0.0,0.0,0.0,0.0,0.0,0.0,0.0,0.0,0.0
Q_renewable_dist,2,0.0,0.0,0.0,0.0,0.0,0.0,0.0,0.0,0.0,0.0,0.0,0.0,0.0,0.0,0.0,0.0,0.0,0.0,0.0,0.0,0.0,0.0,0.0,0.0
Q_renewable_dist,3,0.0,0.0,0.0,0.0,0.0,0.0,0.0,0.0,0.0,0.0,0.0,0.0,0.0,0.0,0.0,0.0,0.0,0.0,0.0,0.0,0.0,0.0,0.0,0.0
Q_thermal_dist,1,0.04613474585426414,0.06999868441281908,0.06999772915831481,0.005868300720077325,6.226486775220383e-07,0.06992256363296849,0.004352631961829748,1.095114650131402e-05,0.002482858118706205,0.06797605435626163,0.05963837876433125,0.07,0.06998885690598736,0.07,0.002355901667877429,0.07,0.04011325494170083,0.06042050022695865,0.06999653408283692,0.00319505253458077,0.02526676524936703,0.07,0.04512485347799595,0.00427945382493744
Q_thermal_dist,2,0.03747237824330705,0.05499918191879228,0.05499835533241944,0.01156781821216954,2.815467665626635e-06,0.04064793086614452,0.01181472308928646,7.001989131946051e-06,2.362539349190805e-05,0.04222193214322506,0.02917428149535937,0.05499946821847778,0.03978486659497019,0.03963317861961666,0.01768314494453403,0.05251429667081975,0.01750562566024202,0.02936800153139786,0.04981265090301492,0.003119796174958149,0.01501283719294209,0.05499797944829769,0.04079628922187924,0.01224319066194724
Q_thermal_dist,3,4.019112466833335e-07,1.312939225874975e-07,0.01637490821771221,0.01168250072573493,3.226892681397063e-06,0.0,0.03221287133925845,0.04858889636333577,0.004464820756479426,0.0206511005435823,0.0,0.0,0.0,0.01572145364081229,4.193309807373324e-06,0.0,0.01577415665283136,0.0,0.0,0.001972856567934901,0.03221414132911884,0.0,0.0,0.03223759921724877
Q_thermal_dist,4,0.03759448126193308,0.03759618624465198,0.03755361176967758,0.004291060085079448,0.05662360660882925,0.01878248637552237,3.43589614893979e-05,2.116804184047646e-06,0.03755989985181685,8.950579363875644e-07,0.03708295761736832,0.03780018322836826,0.05614027365271822,0.07499969767687188,0.03709080347118644,0.07499959251875257,0.07499576124254022,0.07499943438735593,0.075,0.03722448981932772,0.04788234147981143,2.944057895089497e-07,0.03757064960904389,2.458257493459634e-05
Q_thermal_dist,5,1.096323802481723e-05,0.02385380649885638,0.01123473190965511,9.834966611730058e-06,2.295362183305934e-06,8.854341016622018e-06,7.282579760568264e-06,2.566037062072909e-06,2.870051510967954e-06,1.287374358087557e-05,7.292877259695561e-06,0.04334631025777,6.192375975456847e-06,6.046466292258064e-06,1.68719507776663e-05,6.378903648453427e-06,7.960839745740338e-06,7.545653312983705e-06,5.628192349981193e-06,3.527067732854992e-06,1.000021450204265e-05,0.01176528615401544,2.108327413148019e-05,9.845190440056707e-06
Trans_Flow,1,0.07968627231583306,0.1069296301079544,0.00873395557391854,0.113748250351922,0.09986616333131029,0.08898693314441812,0.09125520017033367,0.1457836249851829,0.1661991672862388,0.1611803633041491,0.1652097024711573,0.1667387931790462,0.1498405721092182,0.1492572521599428,0.1577228478852833,0.1513878110989946,0.1479793299519871,0.1497038505507228,0.1638394408747195,0.1549325829312888,0.1426576825514882,0.08421587618065973,0.06190606374271246,0.02610712515662251
Trans_Flow,2,0.0877519372358801,0.09307036864332069,0.09126604442608147,0.08625140056361766,0.1001338366687348,0.1110130668556269,0.1087448626858611,0.1283425529498516,0.1338008327137611,0.1328702735522501,0.1347902975289141,0.1332612068210215,0.1501594278908493,0.1507427478401248,0.1422771670058785,0.148612188901073,0.1520206700480806,0.1502961494493487,0.1361605591253481,0.1234792039032159,0.1329929572324393,0.1157841238193852,0.1078881454933022,0.07389287484340024
Trans_Flow,3,0.09041222845783464,0.1153240780301372,0.09613834561844624,0.1174650766975743,0.1148130266931716,0.1415985884631556,0.1436701830510372,0.1725413999980664,0.1865848754818002,0.1797365539366101,0.2248635389575199,0.172842645624748,0.2330224873952947,0.2402683370291611,0.2830263497115236,0.2398935136307583,0.2509246093159783,0.2734918446540218,0.2001022955190347,0.2171886542862875,0.1900490059656804,0.1503295358599592,0.1394305609808262,0.1090501302151812
Trans_Flow,4,0.134389160054566,0.1369992971392706,0.161698661145671,0.1288740937809152,0.155093876189755,0.1746008061643877,0.1697988313625065,0.1845332123371644,0.1865110631396699,0.1813163713850617,0.1935218336214818,0.1777987402793093,0.2167845964659135,0.2145186874426034,0.2026460494756872,0.2128894256451401,0.2268377679083255,0.2236966163402624,0.1906740367776162,0.1865965677838272,0.1937607463778266,0.1837354306506935,0.1792009675699141,0.1430333680206893
Trans_Flow,5,0.08544488380345229,0.08299625493857593,0.1140969488097805,0.07192907987339692,0.0944603752374138,0.1121175385168361,0.1084361857566726,0.1150190126497775,0.1150732286646993,0.1155874379824457,0.1166791490867206,0.1141974072750342,0.1416234882478565,0.142570225833675,0.1288304486980251,0.1391122948571818,0.1446435142294,0.141845389556569,0.1189031020862599,0.105667360861105,0.1220479302079118,0.119860909669979,0.1173245351919134,0.0859000932226515
Trans_Flow,6,0.03389222845783464,0.007747227644073068,0.05541834561845986,-0.00310753094993756,0.02699302669318522,0.01609858846317566,0.008750183051050797,-0.009478600001919954,-0.02369512451818619,-0.02112344606337624,-0.06077568323267699,-0.01677006763887386,-0.04623751260467855,-0.05696069526856343,-0.1186936502884497,-0.05820648636921494,-0.05659539068399499,-0.0859556399055261,-0.0350500220971639,-0.05903134571369884,-0.02023099403430602,0.01540953585997284,0.02335056098083997,0.02123013021519482
Trans_Flow,7,-0.2098869699615374,-0.2309267932289901,-0.2059253748686242,-0.2426039374748133,-0.2593536500473211,-0.2681219831777791,-0.2632164798495364,-0.2977295198225411,-0.3057871681920845,-0.2819130583287424,-0.3285110249569282,-0.2729239778935693,-0.3229154097314009,-0.3095185015892419,-0.3165403235321039,-0.3169750106858499,-0.3525387892792701,-0.350940656780304,-0.3074038179497708,-0.3449837597985151,-0.3073426904960028,-0.2743954773037759,-0.2658827932262383,-0.244201739250926
Trans_Flow,8,0.05009632611989434,0.03636193121530559,0.05127438943514906,0.03779616554146137,0.05689024451762417,0.05334918261318969,0.02274417360617323,0.03030467722692951,0.02764801538604258,0.02296052368494195,0.01690583151546479,0.01474256523290055,0.02621125234673155,0.0266779914558847,-0.02264718634311857,0.02655183490387156,0.03777515635693041,0.02825707185057558,0.0210683736537626,0.02104348052140412,0.03544406399843794,0.06817504203161279,0.06493055778935464,0.04808645004106504
Trans_Flow,9,0.06039203235400561,0.05251138679698975,0.06106799219757646,0.05333433476438477,0.06429030841259728,0.06609221009749841,0.06052132065689438,0.06485945493085594,0.06333509142752565,0.06064545996545898,0.05717134383031346,0.05593008530114173,0.0657312412458973,0.0627785023074004,0.05029990906242318,0.06270611505786973,0.06914601014669645,0.06368456136446406,0.05955976497561703,0.05954550134724358,0.06780837884108552,0.0707654017827997,0.06890376398763774,0.05923878744581618
Trans_Flow,10,0.1469511078288284,0.09335668198745109,0.1118376183671703,0.1091794996940497,0.1324794470696743,0.142676362359924,0.1426345057367873,0.156375633743586,0.1527218255332949,0.1563135949343656,0.1153228246540521,0.1130673494657867,0.141815306655206,0.1310035125496168,0.1233272772804872,0.1212820500380914,0.1289584492112373,0.1168383667847931,0.09935186137045325,0.09488091813572294,0.1441573183175188,0.1330295561854833,0.1267756187072351,0.1080247625130146
Trans_Flow,11,0.03389486332410008,0.05435114071791094,0.05386264087170921,0.05021524933944417,0.05238261759082956,0.05008034214923106,0.04336973616343905,0.04402853073193291,0.0445031533678863,0.03739700951574966,0.06036491051625922,0.05764284316469944,0.06027515106460438,0.06114722018739034,0.05102284271572768,0.0654213988732566,0.07149723530343383,0.0706933144038586,0.07106291933333733,0.07652609854640778,0.05652104229129181,0.06274204673891945,0.06191842692662812,0.05722094115914904
Trans_Flow,12,0.02083735834590062,0.0265653427899601,0.02999819564191527,0.02955646817819887,0.03384197620351571,0.03600003814739904,0.03706996302191792,0.03964763465994342,0.0412146077994163,0.04040561826785039,0.04800552985653705,0.04769659778116079,0.05288185621679557,0.05090505560725912,0.05186198971048721,0.04923963449254025,0.05000813423403626,0.04790500166166667,0.04455599508359095,0.04276011595997327,0.03634351968051186,0.03310725212575404,0.03198182328702066,0.02918832378962904
Trans_Flow,13,0.04293941985601792,0.06204019847974913,0.06749678185356853,0.0622077821764293,0.07345485327535178,0.07819598206331671,0.078194806551453,0.08533970245021585,0.08894913201900681,0.08331138856587658,0.1061523842813032,0.1013279085199751,0.116658299373851,0.112551230441943,0.1196424448543173,0.1170210166723395,0.1234530796738158,0.1198400507193128,0.11093294695357,0.1083947036293868,0.08969299518855034,0.08118025732083259,0.07911536849360903,0.0712154975642593
Trans_Flow,14,-0.1600000000000815,-0.1600000000000845,-0.1600000000000815,-0.1600000000000815,-0.1600000000000815,-0.179382244929365,-0.2400000000001223,-0.2400000000001223,-0.2400000000001223,-0.2400000000001224,-0.2400000000001223,-0.2400000000001223,-0.2562821997521201,-0.2400000000001224,-0.3200000000001632,-0.2400000000001223,-0.2400003842850871,-0.2400000000001222,-0.2400000000001221,-0.2400000999955844,-0.2400000000001223,-0.1600000000000814,-0.1600000595157497,-0.1600000000000815
Trans_Flow,15,0.2100963261199758,0.1963619312153901,0.2112743894352305,0.1977961655415428,0.2168902445177056,0.2327314275425547,0.2627441736062955,0.2703046772270518,0.2676480153861649,0.2629605236850643,0.2569058315155871,0.2547425652330229,0.2824934520988516,0.2666779914560071,0.2973528136570446,0.2665518349039939,0.2777755406420175,0.2682570718506978,0.2610683736538847,0.2610435805169885,0.2754440639985603,0.2281750420316942,0.2249306173051044,0.2080864500411465
Trans_Flow,16,0.05800513667589992,0.03339885928208907,0.03523735912829079,0.03828475066055584,0.03336738240917043,0.03291965785076895,0.03688026383656094,0.0327714692680671,0.02849684663211371,0.03195299048425033,0.01163508948374079,0.02420715683530057,0.02872484893539562,0.03060277981260966,0.04347715728427232,0.0300786011267434,0.02495276469656617,0.0258066855961414,0.02818708066666267,0.02547390145359223,0.04822895770870819,0.04475795326108055,0.04038157307337187,0.03952905884085096
Trans_Flow,17,0.04728322179808148,0.03847445873029078,0.0453550225045162,0.04174574964537182,0.05016317052113249,0.05645397978928425,0.06513523042662908,0.06934266288984071,0.06943626018157688,0.07040299316627305,0.06349208586215976,0.06226549369886403,0.07169984440935337,0.0658037139507979,0.0740755654351955,0.06317934883512027,0.06531878609214795,0.06128494761902045,0.05644105796283905,0.05321518041063991,0.0619734851309378,0.04768249055341336,0.04695280821937028,0.04194617864611168
Trans_Flow,18,-0.01849486332410008,-0.03860114071791094,-0.03496264087170921,-0.02921524933944417,-0.02963261759082957,-0.02558034214923106,-0.01711973616343906,-0.0167285307319329,-0.01650315336788629,-0.007647009515749661,-0.02886491051625921,-0.02439284316469944,-0.02527515106460437,-0.02789722018739035,-0.01952284271572768,-0.0374213988732566,-0.04524723530343383,-0.04619331440385861,-0.04831291933333733,-0.05552609854640778,-0.03727104229129181,-0.04524204673891945,-0.04511842692662812,-0.04147094115914904
Trans_Flow,19,0.001317358345900622,0.006435342789960104,0.005598195641915275,0.002716468178198875,0.004561976203515714,0.004890038147399037,0.003519963021917927,0.004877634659943425,0.005224607799416303,0.002585618267850393,0.007745529856537051,0.004996597781160794,0.008351856216795572,0.008205055607259128,0.01160198971048721,0.01324963449254025,0.01645813423403626,0.01679500166166667,0.01527599508359095,0.01592011595997327,0.01194351968051186,0.01053725212575405,0.01063182328702067,0.00905832378962904
Trans_Flow,20,0.03615677820191853,0.05092554126970922,0.0514949774954838,0.04467425035462817,0.04966682947886751,0.04933602021071574,0.04661476957337092,0.04836733711015929,0.04827373981842313,0.04134700683372695,0.05719791413784024,0.05097450630113597,0.05346015559064662,0.05190628604920211,0.0421444345648045,0.05602065116487974,0.06431121390785208,0.06238505238097954,0.06275894203716097,0.06896481958936009,0.05573651486906221,0.05661750944658664,0.05734719178062972,0.05192382135388833
Trans_Theta,1,0.01957219312866858,0.02075841502221107,0.02035597854879571,0.01923751238170981,0.02233385093059854,0.02476035426544378,0.02425445417345182,0.02862552300993489,0.02984293772854468,0.02963538581309724,0.0300636285384218,0.02972257956935378,0.03349155879678301,0.03362166247826067,0.03173349932898849,0.03314646261249748,0.03390656377430497,0.03352205317318274,0.0303692511073216,0.0275408016385733,0.02966274918112326,0.02582449097667791,0.02406337197082665,0.01648106680506881
Trans_Theta,2,0.01485715639574074,0.01443138880872341,0.01983919039748695,0.01250702840838658,0.01642477004628492,0.01949499743128856,0.01885488397937318,0.01999950591956162,0.02000893300021793,0.02009834371639074,0.02028817044320343,0.01985664517694962,0.02462549214508057,0.02479011086795685,0.02240103841961628,0.02418884582976997,0.0251506268210459,0.02466407633609647,0.02067487139076445,0.01837344070652894,0.02122169410455171,0.02084143758306827,0.02040039017917035,0.01493630820955145
Trans_Theta,3,-0.003041752472056789,-0.00839931891890285,0.0008066821154031449,-0.0107475328254322,-0.006304764848162264,-0.008537275126762355,-0.00958750215924065,-0.01415851503805559,-0.01692927479891407,-0.01548410186643998,-0.02422806436421679,-0.01436101337738175,-0.02150596968456591,-0.02277581181370618,-0.03362968803277406,-0.02330287306371125,-0.02452491808523833,-0.02947910415006022,-0.01893938005313886,-0.02462339718252741,-0.01640230760647405,-0.008919300631127853,-0.007202677978203818,-0.006652346069147965
Trans_Theta,4,-0.008838340305080341,-0.009724327262872775,-0.008671517535717765,-0.01021605180706439,-0.0109213822034927,-0.01129061671161628,-0.01108404596646398,-0.01253739007972721,-0.01287669765256868,-0.01187135888622334,-0.01383359926093625,-0.0114928287090982,-0.01359796790378929,-0.01303382410192298,-0.0133295130239369,-0.01334781769998114,-0.01484540841655007,-0.0147781110570186,-0.01294477477386485,-0.01452726612511547,-0.01294220069678668,-0.011554793549262,-0.0111963244227569,-0.01028333523985649
Trans_Theta,5,0.0,0.0,0.0,0.0,0.0,0.0,0.0,0.0,0.0,0.0,0.0,0.0,0.0,0.0,0.0,0.0,0.0,0.0,0.0,0.0,0.0,0.0,0.0,0.0
Trans_Theta,6,-0.03703461819502132,-0.02352775099447742,-0.02818531658089426,-0.0275154175128944,-0.03338747025049932,-0.03595729684194805,-0.03594674813578513,-0.03940978721605853,-0.038488954470901,-0.03939415219535883,-0.02906365826931422,-0.02849523341236757,-0.03574029358324501,-0.03301550523275444,-0.03108094042022838,-0.03056550225059981,-0.03250010837021602,-0.02944560519710356,-0.02503865610258163,-0.0239118889885649,-0.0363305273623811,-0.03352610874986552,-0.03194999142659738,-0.02722440064852995
Trans_Theta,7,-0.01931448402327265,-0.01732833431861748,-0.01939401785439614,-0.01811998594509479,-0.02281827013701826,-0.02244699777968651,-0.01584030755098692,-0.01887470418142271,-0.0186584506300979,-0.0166728635992184,-0.01736894674745024,-0.01457579395060237,-0.01907926499453779,-0.01861272567517759,-0.00859353341586394,-0.01890033741507876,-0.02274494911391135,-0.02068722992241097,-0.01735059307233968,-0.0189278787717515,-0.02035426336014002,-0.02581155833891287,-0.02477460266766674,-0.02033917367244402
Trans_Theta,8,0.008869515976741703,0.0108556656813974,0.008789982145618214,0.01006401405491956,0.005365729862996087,0.009151184664621139,0.02643569244903462,0.02340129581859884,0.02361754936992364,0.02560313640080316,0.0249070532525713,0.02770020604941918,0.02606484449179816,0.02366327432484398,0.04777446658416481,0.02337566258494279,0.01953111857790674,0.02158877007761056,0.02492540692768182,0.02334813884247069,0.02192173663988152,0.002372441661101472,0.003409407816032575,0.007844826327570335
Trans_Theta,9,-0.04242718085973118,-0.03893011037162254,-0.04263631343616584,-0.03987954211631992,-0.04667836593641105,-0.04804978212364295,-0.04474479408941549,-0.04861092172317066,-0.0481024088027299,-0.04560115080981231,-0.04563115727247999,-0.04260002355188721,-0.05015636965993245,-0.04794997151525293,-0.04130531644627542,-0.04822370477286713,-0.0533030363399397,-0.05019819039670622,-0.04607072485800353,-0.04764528306442541,-0.05065586484062162,-0.05091309471281955,-0.04951921987740125,-0.04323076404147054
Trans_Theta,10,-0.04732861490884473,-0.04175231398095906,-0.04561387028250641,-0.04311460354713688,-0.04949790974998595,-0.05083149321203292,-0.04786117638360489,-0.05138011087632233,-0.0505103923431435,-0.04830117850573147,-0.04661432233385608,-0.04464552830447011,-0.05258361939497338,-0.05053590640941845,-0.04497913623679643,-0.05076534656807695,-0.05541154495679954,-0.05237885532958017,-0.04845253317433652,-0.04979782773725395,-0.05473121176700747,-0.05469514176338085,-0.05293146280210117,-0.04657096951352244
Trans_Theta,11,-0.04377630651018483,-0.03433819288326991,-0.03889859585027722,-0.03750323060650984,-0.04380637288931532,-0.04591827689543011,-0.04457298865869316,-0.04816706197863999,-0.04734063167577358,-0.04683241738804143,-0.04107023897099818,-0.03996039491782628,-0.04772902112999482,-0.04517768732802638,-0.04122938383638661,-0.04357781848649055,-0.04672090847206901,-0.04350650543203104,-0.03917307075798242,-0.0391329299894454,-0.04757256267411904,-0.04600550184623659,-0.04426556654230371,-0.03860564584508469
Trans_Theta,12,-0.04236502283348616,-0.03032343133357712,-0.0358591550080526,-0.03507625763755945,-0.04204458618312067,-0.0451664666004342,-0.04542961537642195,-0.04955204863841866,-0.04903206329206968,-0.04973031340445763,-0.04134395286191496,-0.04069650009076631,-0.04926800122206348,-0.0460375275076474,-0.04434775600806811,-0.04316149315013653,-0.04529268918862484,-0.04170018367217451,-0.03643652520491503,-0.03485035425228566,-0.04562756313185284,-0.04199527491615466,-0.04013126164165014,-0.03469106575715495
Trans_Theta,13,-0.04262833641966478,-0.03160972765043434,-0.03697812235295864,-0.03561922529701785,-0.04295643398667939,-0.04614388742533632,-0.04613318558524291,-0.05052699025424815,-0.05007635789901702,-0.05024712678383557,-0.04289212936963958,-0.04169522005526473,-0.05093737024267658,-0.04767755402242635,-0.04666676171140029,-0.04580983009250548,-0.04858234105932401,-0.04505716860430845,-0.03948989110222319,-0.03803246703036511,-0.04801483384559355,-0.04410146087105038,-0.04225635048025983,-0.03650164351622601
Trans_Theta,14,-0.05521161836949646,-0.04933283452311855,-0.05489940442093693,-0.05116675790543555,-0.06024148398191485,-0.06331380917906962,-0.06235605769216747,-0.06735979091532579,-0.06687658483062466,-0.06463671210210922,-0.06279814744789075,-0.05943536773818607,-0.06954257359133341,-0.06574197969326967,-0.06133386782864358,-0.06530613711090695,-0.07096392972353466,-0.06676841453393698,-0.06133125810999595,-0.06203360354385423,-0.06741225575032458,-0.06380548650865145,-0.06221432016375459,-0.05457217182380622
VM,1,1.005650626065805,0.9885258775273364,1.005729335438356,1.029552968539454,1.026850772223542,0.9943054495543369,1.029919643192672,1.033340420910211,1.030397620677001,0.9994549554653137,1.005841735539291,0.9823050335456779,0.9987555323493317,1.004869614993905,1.035416040672884,0.9979724120744464,1.014082673715313,1.004620096853693,0.9984458261050467,1.030688419914633,1.016277912165182,0.9902600694873966,1.012257958097617,1.030719118030554
VM,2,1.010133492580732,0.9934202738508141,1.010103243952489,1.032837171889843,1.030568797896751,0.9989708973429265,1.033293410472963,1.037010456078096,1.033929191349213,1.003967077138249,1.010295821928658,0.9870599301551333,1.003456905403064,1.009679288128629,1.038339611072464,1.002775173811694,1.01873178136458,1.009373068585285,1.00330099090051,1.0342467588006,1.020820455267397,0.9946507610747589,1.016411233088071,1.03416346615406
VM,3,1.012977953749967,0.9963902654831374,1.012706154964601,1.035077368770077,1.033047509339464,1.001926021116452,1.035576816079226,1.039514200480366,1.036364192736747,1.006872576695238,1.013182624663789,0.9899708676525489,1.006431006919426,1.012645821002773,1.04036924750044,1.005744357941359,1.021703914880229,1.012369870945362,1.006284253205413,1.036695806917747,1.02374500955583,0.9974279762551896,1.01904866207329,1.03648980614826
VM,4,1.041722603347914,1.027011513173912,1.039795040845233,1.057105893726514,1.057647817534424,1.031900320060759,1.058247162414533,1.064374625359257,1.060550074567163,1.036482995432179,1.042583356075431,1.020397198542953,1.037072075086852,1.043562135119497,1.060713062448257,1.036599703181859,1.052071674602081,1.043082507574943,1.037137754002211,1.060885451291458,1.053266083057854,1.025637464195874,1.045763574010659,1.059475285941604
VM,5,1.041791406186265,1.027063477002865,1.039858909157341,1.057212717852291,1.057734638391427,1.031983193116826,1.058397153421064,1.064587583143263,1.060674196726274,1.036639286073199,1.042693454367111,1.020476100785773,1.037151018133625,1.043699863655559,1.060797069469598,1.036679496060975,1.052219193414257,1.043169559305083,1.037219157784087,1.061006158630761,1.053447366032045,1.025719309442647,1.045871928144224,1.059648758278702
VM,6,1.04775487494721,1.033905541963413,1.04575742115391,1.060877842545491,1.062321411484634,1.038087281709525,1.061689836642934,1.067585052964672,1.064650495127387,1.041730376265004,1.048307957044709,1.026999587768822,1.043542755345518,1.049591315430238,1.064426628524672,1.043247854266321,1.057662374357887,1.049492959060017,1.043778296659164,1.065046731674244,1.058182517608997,1.031465822869382,1.050948716909118,1.062762287749136
VM,7,1.049358339109075,1.035713895084244,1.047320427135228,1.061915952422843,1.06358626125532,1.039728760156004,1.062646150576513,1.068490098574171,1.065779918959574,1.043139485484265,1.049838544596609,1.02873420416369,1.045258457990528,1.051181587770922,1.065448552762188,1.044997919128153,1.059153869859552,1.051189730364037,1.045523602846361,1.066188678356478,1.05950676169938,1.033013909414608,1.052328735361125,1.063676573247722
VM,8,1.061205457464932,1.048564571664173,1.058331289842539,1.070246083983226,1.073374808019878,1.051821488919014,1.070460268742211,1.076132609555264,1.074858770917348,1.053804537375515,1.061339429520088,1.041127687370113,1.057901093483967,1.062663913197859,1.073661607578918,1.057618921028898,1.070319673089913,1.063639788346153,1.058026847860712,1.075330807300114,1.069615362857055,1.044398702577873,1.06247448811261,1.071140378796978
VM,9,1.061728921498621,1.049160805843497,1.058848141717215,1.070579628956974,1.073783912917734,1.052358564181731,1.070769484928215,1.076425856819625,1.075228860840882,1.054272141438106,1.061848444917187,1.041711826051656,1.058474640267308,1.063200512038048,1.074003855262725,1.05820765474012,1.070818182972254,1.064206213731254,1.058611326507243,1.075705847379782,1.070051306945542,1.04490979213784,1.062929688954197,1.071435926155362
VM,10,1.066790824225324,1.054222351641012,1.063921099770052,1.07404963393123,1.07978627990542,1.056501993690146,1.073945277447323,1.079537168502248,1.08013777067021,1.057283913199423,1.06672387440031,1.046488449171173,1.06420472773312,1.069806348260093,1.078763021346531,1.064792948920507,1.077412291962344,1.070823720499114,1.065260283201964,1.080567567600215,1.075412691179685,1.047989740260686,1.0678773027654,1.074602243682868
VM,11,1.07998213763395,1.072519079603236,1.078552782018765,1.083020272541052,1.084681325120295,1.074426401642363,1.082894328797759,1.08637429659065,1.085819248862758,1.075484937872307,1.079788192206817,1.06642308761765,1.07821887345421,1.080741256236406,1.084957332886214,1.077995417884797,1.084438622614526,1.081353673704098,1.078391099039625,1.086280293215023,1.083710229900458,1.069606415230217,1.079814531662574,1.083662411728348
VM,12,1.072355976439974,1.059787285486694,1.069484428176241,1.078183341964188,1.086156209549825,1.061211783802469,1.077787183401504,1.08331232825774,1.08550581866111,1.060971447660655,1.072094539544816,1.051773869748009,1.07038097812947,1.076788917031242,1.084132737906614,1.071810343346026,1.08445896286499,1.077904456760052,1.07236958624045,1.086081370381941,1.081344124992729,1.051879361027905,1.073401345323327,1.078527933700877
VM,13,1.087456033224622,1.081873723413052,1.086445498821214,1.088352846054758,1.089455216508097,1.083392336789039,1.08818048366236,1.090900287709251,1.090651561259235,1.084304592755701,1.087370698693326,1.076545866512823,1.086507554267022,1.088140123769106,1.08998338415134,1.086250479723446,1.090363678306721,1.088568098169768,1.086542182356338,1.091048676635635,1.089579390769257,1.079635352295185,1.086790211940519,1.08896171132035
VM,14,1.079951684335653,1.072488626304939,1.078523652776915,1.082989819242755,1.084648223362871,1.074386679545666,1.0828426898357,1.08630676854638,1.085735831528153,1.075385631020351,1.079676968203565,1.066301270479701,1.078090435642183,1.080608845984954,1.08482492264705,1.077868304216836,1.084322102081976,1.081251718595788,1.078302385158073,1.086203496433739,1.08364402595789,1.069548155879049,1.079764216870544,1.083620041463194
VM,15,1.078534771732645,1.065966044197353,1.075661449884973,1.082934952583609,1.093129097130017,1.066543133504638,1.082280281956907,1.087764241711294,1.091554863274135,1.065353894709049,1.078154341695407,1.057739846298547,1.077241919349681,1.084454165814395,1.090185219186002,1.07949491349947,1.092162547266454,1.085632668323482,1.080119544460105,1.092239527983927,1.087911742572389,1.056418067952971,1.079557328169237,1.083089726072041
VM,16,1.089031059052931,1.083724923658737,1.087995516448769,1.089594159124395,1.090610675660595,1.085237758240374,1.089418658484153,1.092012642706885,1.09183155735978,1.086136520954186,1.088976786882351,1.078544946742131,1.088229566155661,1.089666440070305,1.09117982997638,1.087941510790023,1.091678859667097,1.090099968287698,1.088213883366589,1.092214861295366,1.090911209196604,1.08167718977804,1.0882611562194,1.090208034979834
VM,17,1.093180513562592,1.089038558519984,1.092537051485748,1.092447736179873,1.093126495448583,1.090208962129209,1.092235104674354,1.094391033080184,1.094366663561439,1.091015256300988,1.093165970490463,1.084278548123105,1.092845167810301,1.093839851967477,1.093874200799489,1.09259202430046,1.09495203003141,1.094129194838722,1.092820749850282,1.094762252039899,1.094119689109831,1.087287712044095,1.092173510985056,1.093054429079099
VM,18,1.096687459406404,1.093434082557623,1.095749881169771,1.095495687635837,1.095871632069653,1.094228219309141,1.095371438855789,1.09651297252542,1.096511504196824,1.094640760978409,1.095794488922208,1.089279424315437,1.09567711425246,1.096205069167319,1.096306962201847,1.095570095797315,1.096863384302182,1.096454826573109,1.095695535122396,1.096812059935308,1.096406222685129,1.092236736976077,1.095309212513087,1.095822933543865
VM,19,1.100031845591777,1.097516285292865,1.100586912533357,1.096549236493793,1.096818128645348,1.098651335875561,1.096177245724769,1.098661414517818,1.099083934535928,1.099868058225621,1.101579856023502,1.093086709701595,1.10208509332013,1.102492141272258,1.098491445380084,1.101588540180351,1.101878974319539,1.10247688594612,1.101808000747111,1.09955839137804,1.100301751463526,1.096045931629593,1.098889994461389,1.097542983922227
VM,20,1.096871167909221,1.09367658055217,1.095931735875501,1.095647201347159,1.096004268818095,1.094437255137791,1.095527462366533,1.09661632374875,1.096615971927123,1.094831945110054,1.095933140218903,1.089557744952913,1.095829082117991,1.096334696625849,1.096430970686996,1.095733279781072,1.096962077248786,1.096577378069952,1.095852446628558,1.096911890799043,1.096522390680048,1.092499652578877,1.095476206504322,1.095961522007054
VM,21,1.096660078321927,1.093465490944906,1.095725753490822,1.095444623839927,1.095803393730961,1.094226165513921,1.095295943537318,1.096357565697477,1.096335081769615,1.094539137650812,1.095635225220199,1.089258127340871,1.095529464636868,1.096031746031746,1.096129650801094,1.095430257464277,1.096660757562878,1.096277760913257,1.095561341975037,1.096631001010403,1.096253418078813,1.092244299605633,1.095234473144965,1.095730003291345
VM,22,1.100892462247617,1.098846455341406,1.09990384655866,1.099021394202891,1.099008511449952,1.098951064161378,1.099050841461539,1.099172386009059,1.099247331890955,1.099184333687495,1.099272189730308,1.095630963373518,1.099432775460776,1.099511938859341,1.099500466548702,1.099575835745783,1.099551815641593,1.099634789294122,1.099562343328906,1.099482563223174,1.099375154399882,1.098180012260946,1.099246684501884,1.099153952971542
VM,23,1.096643600264575,1.093449012887571,1.095709492250815,1.095428579417255,1.095787566125589,1.094209470639215,1.095277730940463,1.096337618559738,1.096314050543137,1.094517672788684,1.095613543540212,1.089236445660889,1.095507782956888,1.0960099925081,1.096108402756803,1.095409443055587,1.096640810425143,1.096258464228512,1.095542695743091,1.096612571596014,1.096234988664424,1.092226087008779,1.095216694183123,1.09571265796442
VM,24,1.101235221992357,1.099272560653481,1.100277574258732,1.099393235848156,1.099348709672547,1.09939683213211,1.099408621625964,1.099473430512488,1.099531975229494,1.09958141360872,1.099624483490669,1.096170661358503,1.099798574626648,1.099869740011577,1.09980697512988,1.099968699551659,1.099862688804423,1.099977749868744,1.099966102204442,1.099779874781194,1.099716043938704,1.098675068567085,1.099667178480146,1.099515000224796
VM,25,1.100881437454328,1.098835430548116,1.099893066761423,1.099010859401659,1.098998099146715,1.098940651858141,1.099040429158306,1.099161851207823,1.099236674591718,1.099173553890251,1.099261287435044,1.095619938580233,1.099421505671416,1.099500546571934,1.099488951763242,1.099564075964193,1.099539933361931,1.099622662018285,1.099550093554974,1.099470313449241,1.099363027124045,1.098168007483198,1.099234924720298,1.099142438186082
VM,26,1.100360922080369,1.098398253861025,1.099426494650536,1.098551665429598,1.098496689057216,1.098497389553358,1.098414757191584,1.098348131706875,1.098275632655806,1.098216268621213,1.098188219387924,1.094731826112642,1.098307479769072,1.09835292028678,1.098295488652407,1.098462218474493,1.098400432021015,1.098543482318334,1.098606751815415,1.098539383750623,1.098554749922005,1.097577133387093,1.098611301831496,1.098550534606035
VM,27,1.101464479832798,1.100082689031942,1.100790632987601,1.100127486905789,1.100091445087437,1.100116337621165,1.100105042905895,1.100130455814197,1.100153884146403,1.100178235381719,1.100202697021776,1.097768986193174,1.100322840943336,1.100373220994845,1.100331221956497,1.100455159205892,1.100388440160005,1.100483138070208,1.100486537731843,1.10036278737246,1.100326463889119,1.099600453557872,1.100306261018778,1.100203630196794
VM,28,1.10033127717807,1.098368609026002,1.099397584763655,1.09852324560505,1.098468146742768,1.098467744546917,1.098382784562759,1.098312851332451,1.09823704451854,1.098175230197556,1.09814571075513,1.094688092417485,1.098262765891475,1.098307471209593,1.098249917101379,1.098416769468151,1.098355840664602,1.098500116176684,1.09856485589143,1.098499325545371,1.098516774412783,1.097540873150648,1.098576879217685,1.098517949581367
VM,29,1.101564287196247,1.100392045261643,1.10099280299248,1.10041002544411,1.100378945953758,1.100398780479504,1.100383905676908,1.100400327195333,1.10041630872687,1.100435407452286,1.100456004538496,1.098391808846497,1.100559056840494,1.100601936661176,1.100566005518779,1.100673932455345,1.100617590912441,1.100700190364679,1.100704744194533,1.100599738104359,1.100570490485931,1.099955709705782,1.100556830339646,1.100470654825786
VM,30,1.100312689653725,1.098350021501662,1.09937942951938,1.098505522632143,1.098450423763337,1.09844944520656,1.098363044300638,1.098291093761642,1.098213269627546,1.098150446613495,1.098120638984634,1.094662876545678,1.098237405931916,1.098281823046909,1.09822426891582,1.098390977160293,1.098330048311802,1.098474467880778,1.098539639889636,1.098474974144051,1.098493575809471,1.097518683156603,1.098555697997829,1.098497777017289
VM,31,1.100280155284467,1.098317487132399,1.099348685561078,1.098472123711447,1.098412578684485,1.098401062790935,1.098296097880156,1.098199491127299,1.098097010366646,1.098008521856964,1.097958996562781,1.09448359500342,1.098047153959741,1.098085190602674,1.098027636479285,1.098203380520104,1.09816023492417,1.09832896210156,1.098415930369031,1.098370405633898,1.098405637013707,1.097443072540186,1.09849241531382,1.098446822302084
VM,32,1.101937568903828,1.101403728675771,1.101677315002041,1.101296450332699,1.101279724353911,1.101290426034254,1.101277557429978,1.101281693285527,1.101284368201656,1.101291026605339,1.101300430684857,1.100364011341181,1.101354012774949,1.101375184779979,1.101354080915515,1.101410158587221,1.101378355552391,1.101420441342135,1.101424209569742,1.101372075740589,1.10136194249949,1.101083384838169,1.101363113763728,1.101320423173657
VM,33,1.100251501061097,1.098288832909034,1.099320790488234,1.098448158380533,1.09839305951172,1.098389531395045,1.098296756575389,1.098214607664166,1.098126585172276,1.098057388162347,1.098025030928518,1.094565993682043,1.098140523069886,1.098182390577555,1.098123561634098,1.09828644546213,1.098221692253879,1.098363562199131,1.098431283832036,1.098372992132291,1.098400517358873,1.097434548412168,1.098479211969048,1.09842639014671
VM,34,1.102498530425848,1.102498461195851,1.102498306282019,1.102496690348245,1.102496016242027,1.102499549262763,1.102496580634651,1.102499301405409,1.102499385923331,1.102499757144548,1.102499789838149,1.102499343377406,1.102499784110903,1.102499828501137,1.102496694842316,1.10249966791616,1.102499784984612,1.102499791827411,1.102499639166159,1.102498783593491,1.102499186434565,1.102496909645079,1.102496891112461,1.102496643687279
Xi_L,value,0.0,0.0,0.0,0.0,0.0,0.0,0.0,0.0,0.0,0.0,0.0,0.0,0.0,0.0,0.0,0.0,0.0,0.0,0.0,0.0,0.0,0.0,0.0,0.0
Xi_U,value,0.01389263157978251,0.03064918154757097,0.1572268647477417,0.03064918154763219,0.08905369883596537,0.0,0.03915578947340869,0.03915578947342414,0.03915578947418527,0.0391557894734711,0.01644673792855755,0.03896919156810048,0.0,0.01644673792848028,0.06441894736854928,0.03027738264583713,0.03027738264580382,0.01644673792856954,0.03896919156819776,0.124832353244543,0.03915578947359721,0.1572268647476809,0.1572268647476436,0.1830512091038198
alpha_L,1,0.0,0.0,0.0,0.0,0.0,0.0,0.0,0.0,0.0,0.0,0.0,0.0,0.0,0.0,0.0,0.0,0.0,0.0,0.0,0.0,0.0,0.0,0.0,0.0
alpha_L,2,0.0,0.0,0.0,0.0,0.0,0.0,0.0,0.0,0.0,0.0,0.0,0.0,0.0,0.0,0.0,0.0,0.0,0.0,0.0,0.0,0.0,0.0,0.0,0.0
alpha_L,3,1.801664252545251,0.0,0.0,0.0,0.0,0.0,0.0,0.0,0.0,0.0,0.0,0.0,0.0,0.0,0.0,0.0,0.0,0.0,0.0,0.0,0.0,0.0,0.0,0.0
alpha_L,4,0.0,0.0,0.0,0.0,0.0,0.0,0.0,0.0,0.0,0.0,0.0,0.0,0.0,0.0,0.0,0.0,0.0,0.0,0.0,0.0,0.0,0.0,0.0,0.0
alpha_L,5,0.0,0.0,0.0,0.0,0.0,0.0,0.0,0.0,0.0,0.0,0.0,0.0,0.0,0.0,0.0,0.0,0.0,0.0,0.0,0.0,0.0,0.0,0.0,0.0
alpha_U,1,0.0,0.0,0.0,0.0,0.0,0.0,0.0,0.0,0.0,0.0,0.0,0.0,0.0,0.0,0.0,0.0,0.0,0.0,0.0,0.0,0.0,0.0,0.0,0.0
alpha_U,2,0.0,0.0,0.0,0.0,0.0,0.0,0.0,0.0,0.0,0.0,0.0,0.0,0.0,0.0,0.0,0.0,0.0,0.0,0.0,0.0,0.0,0.0,0.0,0.0
alpha_U,3,0.0,0.0,0.0,0.0,0.0,0.0,0.0,0.0,0.0,0.0,0.0,0.0,0.0,0.0,0.0,0.0,0.0,0.0,0.0,0.0,0.0,0.0,0.0,0.0
alpha_U,4,0.0,0.0,0.0,0.0,0.0,0.0,0.0,0.0,0.0,0.0,0.0,0.0,0.0,0.0,0.0,0.0,0.0,0.0,0.0,0.0,0.0,0.0,0.0,0.0
alpha_U,5,0.0,0.0,0.0,0.0,0.0,0.0,0.0,0.0,0.0,0.0,0.0,0.0,0.0,0.0,0.0,0.0,0.0,0.0,0.0,0.0,0.0,0.0,0.0,0.0
kappa_L,value,0.0,0.0,0.0,0.0,0.0,0.0,0.0,0.0,0.0,0.0,0.0,0.0,0.0,0.0,0.0,0.0,0.0,0.0,0.0,0.0,0.0,0.0,0.0,0.0
kappa_U,value,0.0,0.0,0.0,0.0,0.0,0.0,0.0,0.0,0.0,0.0,0.0,0.0,0.0,0.0,0.0,0.0,0.0,0.0,0.0,0.0,0.0,0.0,0.0,0.0
lambda,1,256.4268508212757,260.9822864955436,295.3936954503188,260.9822864955354,276.8601385655437,283.1300000000005,297.8948929262622,297.8948929262701,297.8948929263558,297.8948929262809,310.7882569111787,314.4895969422978,311.45,310.7882569111595,339.3629350316117,313.8116358463758,313.8116358463728,310.78825691118,314.4895969423179,321.1869235530758,297.8948929263099,295.3936954503259,295.3936954502954,297.4079943100979
lambda,2,256.4268508212757,260.9822864955436,295.3936954503188,260.9822864955354,276.8601385655437,283.1300000000005,297.8948929262622,297.8948929262701,297.8948929263558,297.8948929262809,310.7882569111787,314.4895969422978,311.45,310.7882569111595,339.3629350316117,313.8116358463758,313.8116358463728,310.78825691118,314.4895969423179,321.1869235530758,297.8948929263099,295.3936954503259,295.3936954502954,297.4079943100979
lambda,3,256.4268508212757,260.9822864955436,295.3936954503188,260.9822864955354,276.8601385655437,283.1300000000005,297.8948929262622,297.8948929262701,297.8948929263558,297.8948929262809,310.7882569111787,314.4895969422978,311.45,310.7882569111595,339.3629350316117,313.8116358463758,313.8116358463728,310.78825691118,314.4895969423179,321.1869235530758,297.8948929263099,295.3936954503259,295.3936954502954,297.4079943100979
lambda,4,256.4268508212757,260.9822864955436,295.3936954503188,260.9822864955354,276.8601385655437,283.1300000000005,297.8948929262622,297.8948929262701,297.8948929263558,297.8948929262809,310.7882569111787,314.4895969422978,311.45,310.7882569111595,339.3629350316117,313.8116358463758,313.8116358463728,310.78825691118,314.4895969423179,321.1869235530758,297.8948929263099,295.3936954503259,295.3936954502954,297.4079943100979
lambda,5,256.4268508212757,260.9822864955436,295.3936954503188,260.9822864955354,276.8601385655437,283.1300000000005,297.8948929262622,297.8948929262701,297.8948929263558,297.8948929262809,310.7882569111787,314.4895969422978,311.45,310.7882569111595,339.3629350316117,313.8116358463758,313.8116358463728,310.78825691118,314.4895969423179,321.1869235530758,297.8948929263099,295.3936954503259,295.3936954502954,297.4079943100979
lambda,6,256.4268508212757,260.9822864955435,295.3936954503187,260.9822864955354,276.8601385655436,283.1300000000005,297.8948929262622,297.8948929262701,297.8948929263557,297.8948929262809,310.7882569111786,314.4895969422977,311.45,310.7882569111594,339.3629350316116,313.8116358463757,313.8116358463728,310.7882569111799,314.4895969423178,321.1869235530757,297.8948929263098,295.3936954503259,295.3936954502954,297.4079943100979
lambda,7,256.4268508212757,260.9822864955435,295.3936954503187,260.9822864955354,276.8601385655436,283.1300000000005,297.8948929262622,297.8948929262701,297.8948929263557,297.8948929262809,310.7882569111786,314.4895969422977,311.45,310.7882569111594,339.3629350316116,313.8116358463757,313.8116358463727,310.7882569111799,314.4895969423178,321.1869235530757,297.8948929263098,295.3936954503259,295.3936954502954,297.4079943100979
lambda,8,256.4268508212757,260.9822864955435,295.3936954503187,260.9822864955354,276.8601385655436,283.1300000000005,297.8948929262622,297.8948929262701,297.8948929263557,297.8948929262809,310.7882569111786,314.4895969422977,311.45,310.7882569111594,339.3629350316116,313.8116358463757,313.8116358463727,310.7882569111799,314.4895969423178,321.1869235530757,297.8948929263098,295.3936954503259,295.3936954502954,297.4079943100979
lambda,9,256.4268508212756,260.9822864955435,295.3936954503187,260.9822864955353,276.8601385655435,283.1300000000004,297.8948929262621,297.89489292627,297.8948929263557,297.8948929262808,310.7882569111786,314.4895969422977,311.45,310.7882569111594,339.3629350316116,313.8116358463757,313.8116358463727,310.7882569111799,314.4895969423178,321.1869235530756,297.8948929263098,295.3936954503258,295.3936954502953,297.4079943100978
lambda,10,256.4268508212756,260.9822864955435,295.3936954503187,260.9822864955353,276.8601385655435,283.1300000000004,297.8948929262621,297.89489292627,297.8948929263557,297.8948929262808,310.7882569111786,314.4895969422977,311.45,310.7882569111594,339.3629350316116,313.8116358463757,313.8116358463727,310.7882569111799,314.4895969423178,321.1869235530756,297.8948929263098,295.3936954503258,295.3936954502953,297.4079943100978
lambda,11,256.4268508212757,260.9822864955435,295.3936954503187,260.9822864955353,276.8601385655436,283.1300000000004,297.8948929262622,297.89489292627,297.8948929263557,297.8948929262809,310.7882569111786,314.4895969422977,311.45,310.7882569111594,339.3629350316116,313.8116358463757,313.8116358463728,310.7882569111799,314.4895969423178,321.1869235530757,297.8948929263098,295.3936954503259,295.3936954502954,297.4079943100979
lambda,12,256.4268508212757,260.9822864955435,295.3936954503187,260.9822864955354,276.8601385655436,283.1300000000005,297.8948929262622,297.8948929262701,297.8948929263557,297.8948929262809,310.7882569111786,314.4895969422977,311.45,310.7882569111594,339.3629350316116,313.8116358463757,313.8116358463728,310.7882569111799,314.4895969423178,321.1869235530757,297.8948929263098,295.3936954503259,295.3936954502954,297.4079943100979
lambda,13,256.4268508212757,260.9822864955435,295.3936954503187,260.9822864955354,276.8601385655436,283.1300000000005,297.8948929262622,297.8948929262701,297.8948929263557,297.8948929262809,310.7882569111786,314.4895969422977,311.45,310.7882569111594,339.3629350316116,313.8116358463757,313.8116358463728,310.7882569111799,314.4895969423178,321.1869235530757,297.8948929263098,295.3936954503259,295.3936954502954,297.4079943100979
lambda,14,256.4268508212756,260.9822864955435,295.3936954503187,260.9822864955353,276.8601385655436,283.1300000000004,297.8948929262622,297.89489292627,297.8948929263557,297.8948929262808,310.7882569111786,314.4895969422977,311.45,310.7882569111594,339.3629350316116,313.8116358463757,313.8116358463727,310.7882569111799,314.4895969423178,321.1869235530756,297.8948929263098,295.3936954503258,295.3936954502954,297.4079943100978
mu,1,0.0,0.0,0.0,0.0,0.0,0.0,0.0,0.0,0.0,0.0,0.0,0.0,0.0,0.0,0.0,0.0,0.0,0.0,0.0,0.0,0.0,0.0,0.0,0.0
mu,2,0.0,0.0,0.0,0.0,0.0,0.0,0.0,0.0,0.0,0.0,0.0,0.0,0.0,0.0,0.0,0.0,0.0,0.0,0.0,0.0,0.0,0.0,0.0,0.0
mu,3,0.0,0.0,0.0,0.0,0.0,0.0,0.0,0.0,0.0,0.0,0.0,0.0,0.0,0.0,0.0,0.0,0.0,0.0,0.0,0.0,0.0,0.0,0.0,0.0
mu,4,0.0,0.0,0.0,0.0,0.0,0.0,0.0,0.0,0.0,0.0,0.0,0.0,0.0,0.0,0.0,0.0,0.0,0.0,0.0,0.0,0.0,0.0,0.0,0.0
mu,5,0.0,0.0,0.0,0.0,0.0,0.0,0.0,0.0,0.0,0.0,0.0,0.0,0.0,0.0,0.0,0.0,0.0,0.0,0.0,0.0,0.0,0.0,0.0,0.0
mu,6,0.0,0.0,0.0,0.0,0.0,0.0,0.0,0.0,0.0,0.0,0.0,0.0,0.0,0.0,0.0,0.0,0.0,0.0,0.0,0.0,0.0,0.0,0.0,0.0
mu,7,0.0,0.0,0.0,0.0,0.0,0.0,0.0,0.0,0.0,0.0,0.0,0.0,0.0,0.0,0.0,0.0,0.0,0.0,0.0,0.0,0.0,0.0,0.0,0.0
mu,8,0.0,0.0,0.0,0.0,0.0,0.0,0.0,0.0,0.0,0.0,0.0,0.0,0.0,0.0,0.0,0.0,0.0,0.0,0.0,0.0,0.0,0.0,0.0,0.0
mu,9,0.0,0.0,0.0,0.0,0.0,0.0,0.0,0.0,0.0,0.0,0.0,0.0,0.0,0.0,0.0,0.0,0.0,0.0,0.0,0.0,0.0,0.0,0.0,0.0
mu,10,0.0,0.0,0.0,0.0,0.0,0.0,0.0,0.0,0.0,0.0,0.0,0.0,0.0,0.0,0.0,0.0,0.0,0.0,0.0,0.0,0.0,0.0,0.0,0.0
mu,11,0.0,0.0,0.0,0.0,0.0,0.0,0.0,0.0,0.0,0.0,0.0,0.0,0.0,0.0,0.0,0.0,0.0,0.0,0.0,0.0,0.0,0.0,0.0,0.0
mu,12,0.0,0.0,0.0,0.0,0.0,0.0,0.0,0.0,0.0,0.0,0.0,0.0,0.0,0.0,0.0,0.0,0.0,0.0,0.0,0.0,0.0,0.0,0.0,0.0
mu,13,0.0,0.0,0.0,0.0,0.0,0.0,0.0,0.0,0.0,0.0,0.0,0.0,0.0,0.0,0.0,0.0,0.0,0.0,0.0,0.0,0.0,0.0,0.0,0.0
mu,14,0.0,0.0,0.0,0.0,0.0,0.0,0.0,0.0,0.0,0.0,0.0,0.0,0.0,0.0,0.0,0.0,0.0,0.0,0.0,0.0,0.0,0.0,0.0,0.0
mu,15,0.0,0.0,0.0,0.0,0.0,0.0,0.0,0.0,0.0,0.0,0.0,0.0,0.0,0.0,0.0,0.0,0.0,0.0,0.0,0.0,0.0,0.0,0.0,0.0
mu,16,0.0,0.0,0.0,0.0,0.0,0.0,0.0,0.0,0.0,0.0,0.0,0.0,0.0,0.0,0.0,0.0,0.0,0.0,0.0,0.0,0.0,0.0,0.0,0.0
mu,17,0.0,0.0,0.0,0.0,0.0,0.0,0.0,0.0,0.0,0.0,0.0,0.0,0.0,0.0,0.0,0.0,0.0,0.0,0.0,0.0,0.0,0.0,0.0,0.0
mu,18,0.0,0.0,0.0,0.0,0.0,0.0,0.0,0.0,0.0,0.0,0.0,0.0,0.0,0.0,0.0,0.0,0.0,0.0,0.0,0.0,0.0,0.0,0.0,0.0
mu,19,0.0,0.0,0.0,0.0,0.0,0.0,0.0,0.0,0.0,0.0,0.0,0.0,0.0,0.0,0.0,0.0,0.0,0.0,0.0,0.0,0.0,0.0,0.0,0.0
mu,20,0.0,0.0,0.0,0.0,0.0,0.0,0.0,0.0,0.0,0.0,0.0,0.0,0.0,0.0,0.0,0.0,0.0,0.0,0.0,0.0,0.0,0.0,0.0,0.0
omega_L,1,0.0,0.0,0.0,0.0,0.0,0.0,0.0,0.0,0.0,0.0,0.0,0.0,0.0,0.0,0.0,0.0,0.0,0.0,0.0,0.0,0.0,0.0,0.0,0.0
omega_L,2,0.0,0.0,0.0,0.0,0.0,0.0,0.0,0.0,0.0,0.0,0.0,0.0,0.0,0.0,0.0,0.0,0.0,0.0,0.0,0.0,0.0,0.0,0.0,0.0
omega_L,3,0.0,0.0,0.0,0.0,0.0,0.0,0.0,0.0,0.0,0.0,0.0,0.0,0.0,0.0,0.0,0.0,0.0,0.0,0.0,0.0,0.0,0.0,0.0,0.0
omega_L,4,0.0,0.0,0.0,0.0,0.0,0.0,0.0,0.0,0.0,0.0,0.0,0.0,0.0,0.0,0.0,0.0,0.0,0.0,0.0,0.0,0.0,0.0,0.0,0.0
omega_L,5,0.0,0.0,0.0,0.0,0.0,0.0,0.0,0.0,0.0,0.0,0.0,0.0,0.0,0.0,0.0,0.0,0.0,0.0,0.0,0.0,0.0,0.0,0.0,0.0
omega_L,6,0.0,0.0,0.0,0.0,0.0,0.0,0.0,0.0,0.0,0.0,0.0,0.0,0.0,0.0,0.0,0.0,0.0,0.0,0.0,0.0,0.0,0.0,0.0,0.0
omega_L,7,0.0,0.0,0.0,0.0,0.0,0.0,0.0,0.0,0.0,0.0,0.0,0.0,0.0,0.0,0.0,0.0,0.0,0.0,0.0,0.0,0.0,0.0,0.0,0.0
omega_L,8,0.0,0.0,0.0,0.0,0.0,0.0,0.0,0.0,0.0,0.0,0.0,0.0,0.0,0.0,0.0,0.0,0.0,0.0,0.0,0.0,0.0,0.0,0.0,0.0
omega_L,9,0.0,0.0,0.0,0.0,0.0,0.0,0.0,0.0,0.0,0.0,0.0,0.0,0.0,0.0,0.0,0.0,0.0,0.0,0.0,0.0,0.0,0.0,0.0,0.0
omega_L,10,0.0,0.0,0.0,0.0,0.0,0.0,0.0,0.0,0.0,0.0,0.0,0.0,0.0,0.0,0.0,0.0,0.0,0.0,0.0,0.0,0.0,0.0,0.0,0.0
omega_L,11,0.0,0.0,0.0,0.0,0.0,0.0,0.0,0.0,0.0,0.0,0.0,0.0,0.0,0.0,0.0,0.0,0.0,0.0,0.0,0.0,0.0,0.0,0.0,0.0
omega_L,12,0.0,0.0,0.0,0.0,0.0,0.0,0.0,0.0,0.0,0.0,0.0,0.0,0.0,0.0,0.0,0.0,0.0,0.0,0.0,0.0,0.0,0.0,0.0,0.0
omega_L,13,0.0,0.0,0.0,0.0,0.0,0.0,0.0,0.0,0.0,0.0,0.0,0.0,0.0,0.0,0.0,0.0,0.0,0.0,0.0,0.0,0.0,0.0,0.0,0.0
omega_L,14,0.0,0.0,0.0,0.0,0.0,0.0,0.0,0.0,0.0,0.0,0.0,0.0,0.0,0.0,0.0,0.0,0.0,0.0,0.0,0.0,0.0,0.0,0.0,0.0
omega_L,15,0.0,0.0,0.0,0.0,0.0,0.0,0.0,0.0,0.0,0.0,0.0,0.0,0.0,0.0,0.0,0.0,0.0,0.0,0.0,0.0,0.0,0.0,0.0,0.0
omega_L,16,0.0,0.0,0.0,0.0,0.0,0.0,0.0,0.0,0.0,0.0,0.0,0.0,0.0,0.0,0.0,0.0,0.0,0.0,0.0,0.0,0.0,0.0,0.0,0.0
omega_L,17,0.0,0.0,0.0,0.0,0.0,0.0,0.0,0.0,0.0,0.0,0.0,0.0,0.0,0.0,0.0,0.0,0.0,0.0,0.0,0.0,0.0,0.0,0.0,0.0
omega_L,18,0.0,0.0,0.0,0.0,0.0,0.0,0.0,0.0,0.0,0.0,0.0,0.0,0.0,0.0,0.0,0.0,0.0,0.0,0.0,0.0,0.0,0.0,0.0,0.0
omega_L,19,0.0,0.0,0.0,0.0,0.0,0.0,0.0,0.0,0.0,0.0,0.0,0.0,0.0,0.0,0.0,0.0,0.0,0.0,0.0,0.0,0.0,0.0,0.0,0.0
omega_L,20,0.0,0.0,0.0,0.0,0.0,0.0,0.0,0.0,0.0,0.0,0.0,0.0,0.0,0.0,0.0,0.0,0.0,0.0,0.0,0.0,0.0,0.0,0.0,0.0
omega_U,1,0.0,0.0,0.0,0.0,0.0,0.0,0.0,0.0,0.0,0.0,0.0,0.0,0.0,0.0,0.0,0.0,0.0,0.0,0.0,0.0,0.0,0.0,0.0,0.0
omega_U,2,0.0,0.0,0.0,0.0,0.0,0.0,0.0,0.0,0.0,0.0,0.0,0.0,0.0,0.0,0.0,0.0,0.0,0.0,0.0,0.0,0.0,0.0,0.0,0.0
omega_U,3,0.0,0.0,0.0,0.0,0.0,0.0,0.0,0.0,0.0,0.0,0.0,0.0,0.0,0.0,0.0,0.0,0.0,0.0,0.0,0.0,0.0,0.0,0.0,0.0
omega_U,4,0.0,0.0,0.0,0.0,0.0,0.0,0.0,0.0,0.0,0.0,0.0,0.0,0.0,0.0,0.0,0.0,0.0,0.0,0.0,0.0,0.0,0.0,0.0,0.0
omega_U,5,0.0,0.0,0.0,0.0,0.0,0.0,0.0,0.0,0.0,0.0,0.0,0.0,0.0,0.0,0.0,0.0,0.0,0.0,0.0,0.0,0.0,0.0,0.0,0.0
omega_U,6,0.0,0.0,0.0,0.0,0.0,0.0,0.0,0.0,0.0,0.0,0.0,0.0,0.0,0.0,0.0,0.0,0.0,0.0,0.0,0.0,0.0,0.0,0.0,0.0
omega_U,7,0.0,0.0,0.0,0.0,0.0,0.0,0.0,0.0,0.0,0.0,0.0,0.0,0.0,0.0,0.0,0.0,0.0,0.0,0.0,0.0,0.0,0.0,0.0,0.0
omega_U,8,0.0,0.0,0.0,0.0,0.0,0.0,0.0,0.0,0.0,0.0,0.0,0.0,0.0,0.0,0.0,0.0,0.0,0.0,0.0,0.0,0.0,0.0,0.0,0.0
omega_U,9,0.0,0.0,0.0,0.0,0.0,0.0,0.0,0.0,0.0,0.0,0.0,0.0,0.0,0.0,0.0,0.0,0.0,0.0,0.0,0.0,0.0,0.0,0.0,0.0
omega_U,10,0.0,0.0,0.0,0.0,0.0,0.0,0.0,0.0,0.0,0.0,0.0,0.0,0.0,0.0,0.0,0.0,0.0,0.0,0.0,0.0,0.0,0.0,0.0,0.0
omega_U,11,0.0,0.0,0.0,0.0,0.0,0.0,0.0,0.0,0.0,0.0,0.0,0.0,0.0,0.0,0.0,0.0,0.0,0.0,0.0,0.0,0.0,0.0,0.0,0.0
omega_U,12,0.0,0.0,0.0,0.0,0.0,0.0,0.0,0.0,0.0,0.0,0.0,0.0,0.0,0.0,0.0,0.0,0.0,0.0,0.0,0.0,0.0,0.0,0.0,0.0
omega_U,13,0.0,0.0,0.0,0.0,0.0,0.0,0.0,0.0,0.0,0.0,0.0,0.0,0.0,0.0,0.0,0.0,0.0,0.0,0.0,0.0,0.0,0.0,0.0,0.0
omega_U,14,0.0,0.0,0.0,0.0,0.0,0.0,0.0,0.0,0.0,0.0,0.0,0.0,0.0,0.0,0.0,0.0,0.0,0.0,0.0,0.0,0.0,0.0,0.0,0.0
omega_U,15,0.0,0.0,0.0,0.0,0.0,0.0,0.0,0.0,0.0,0.0,0.0,0.0,0.0,0.0,0.0,0.0,0.0,0.0,0.0,0.0,0.0,0.0,0.0,0.0
omega_U,16,0.0,0.0,0.0,0.0,0.0,0.0,0.0,0.0,0.0,0.0,0.0,0.0,0.0,0.0,0.0,0.0,0.0,0.0,0.0,0.0,0.0,0.0,0.0,0.0
omega_U,17,0.0,0.0,0.0,0.0,0.0,0.0,0.0,0.0,0.0,0.0,0.0,0.0,0.0,0.0,0.0,0.0,0.0,0.0,0.0,0.0,0.0,0.0,0.0,0.0
omega_U,18,0.0,0.0,0.0,0.0,0.0,0.0,0.0,0.0,0.0,0.0,0.0,0.0,0.0,0.0,0.0,0.0,0.0,0.0,0.0,0.0,0.0,0.0,0.0,0.0
omega_U,19,0.0,0.0,0.0,0.0,0.0,0.0,0.0,0.0,0.0,0.0,0.0,0.0,0.0,0.0,0.0,0.0,0.0,0.0,0.0,0.0,0.0,0.0,0.0,0.0
omega_U,20,0.0,0.0,0.0,0.0,0.0,0.0,0.0,0.0,0.0,0.0,0.0,0.0,0.0,0.0,0.0,0.0,0.0,0.0,0.0,0.0,0.0,0.0,0.0,0.0
phi,1,-0.01389263157978251,-0.03064918154757097,-0.1572268647477417,-0.03064918154763219,-0.08905369883596537,0.0,-0.03915578947340869,-0.03915578947342414,-0.03915578947418527,-0.0391557894734711,-0.01644673792855755,-0.03896919156810048,0.0,-0.01644673792848028,-0.06441894736854928,-0.03027738264583713,-0.03027738264580382,-0.01644673792856954,-0.03896919156819776,-0.124832353244543,-0.03915578947359721,-0.1572268647476809,-0.1572268647476436,-0.1830512091038198
phi,2,-0.01389263157978251,-0.03064918154757097,-0.1572268647477417,-0.03064918154763219,-0.08905369883596537,0.0,-0.03915578947340869,-0.03915578947342414,-0.03915578947418527,-0.0391557894734711,-0.01644673792855755,-0.03896919156810048,0.0,-0.01644673792848028,-0.06441894736854928,-0.03027738264583713,-0.03027738264580382,-0.01644673792856954,-0.03896919156819776,-0.124832353244543,-0.03915578947359721,-0.1572268647476809,-0.1572268647476436,-0.1830512091038198
phi,3,-0.01389263157978251,-0.03064918154757097,-0.1572268647477417,-0.03064918154763219,-0.08905369883596537,0.0,-0.03915578947340869,-0.03915578947342414,-0.03915578947418527,-0.0391557894734711,-0.01644673792855755,-0.03896919156810048,0.0,-0.01644673792848028,-0.06441894736854928,-0.03027738264583713,-0.03027738264580382,-0.01644673792856954,-0.03896919156819776,-0.124832353244543,-0.03915578947359721,-0.1572268647476809,-0.1572268647476436,-0.1830512091038198
phi,4,-0.01389263157978251,-0.03064918154757097,-0.1572268647477417,-0.03064918154763219,-0.08905369883596537,0.0,-0.03915578947340869,-0.03915578947342414,-0.03915578947418527,-0.0391557894734711,-0.01644673792855755,-0.03896919156810048,0.0,-0.01644673792848028,-0.06441894736854928,-0.03027738264583713,-0.03027738264580382,-0.01644673792856954,-0.03896919156819776,-0.124832353244543,-0.03915578947359721,-0.1572268647476809,-0.1572268647476436,-0.1830512091038198
phi,5,-0.01389263157978251,-0.03064918154757097,-0.1572268647477417,-0.03064918154763219,-0.08905369883596537,0.0,-0.03915578947340869,-0.03915578947342414,-0.03915578947418527,-0.0391557894734711,-0.01644673792855755,-0.03896919156810048,0.0,-0.01644673792848028,-0.06441894736854928,-0.03027738264583713,-0.03027738264580382,-0.01644673792856954,-0.03896919156819776,-0.124832353244543,-0.03915578947359721,-0.1572268647476809,-0.1572268647476436,-0.1830512091038198
psi,value,-0.01389263157978251,-0.03064918154757097,-0.1572268647477417,-0.03064918154763219,-0.08905369883596537,0.0,-0.03915578947340869,-0.03915578947342414,-0.03915578947418527,-0.0391557894734711,-0.01644673792855755,-0.03896919156810048,0.0,-0.01644673792848028,-0.06441894736854928,-0.03027738264583713,-0.03027738264580382,-0.01644673792856954,-0.03896919156819776,-0.124832353244543,-0.03915578947359721,-0.1572268647476809,-0.1572268647476436,-0.1830512091038198
ramp_low,1,34.6,34.6,34.6,34.6,34.6,65.0800000000301,69.2,69.2,69.2,69.2,88.26704673792136,85.84543252259891,93.4,88.26704673791798,103.8,87.53042660027631,87.53042660028166,88.26704673792196,85.84543252258482,69.2,69.2,34.6,34.6,29.59369260313315
ramp_low,2,0.0,0.0,0.0,0.0,0.0,30.48000000003009,34.6,34.6,34.6,34.6,53.66704673792705,51.2454325225915,58.8,53.66704673791946,69.2,52.93042660027626,52.93042660028163,53.66704673792208,51.24543252258479,34.6,34.6,0.0,0.0,0.0
ramp_low,3,0.0,0.0,0.0,0.0,0.0,0.0,0.0,0.0,0.0,0.0,19.06704673792285,16.6454325225917,24.2,19.06704673791984,34.6,18.33042660027627,18.33042660028102,19.06704673792203,16.6454325225852,0.0,0.0,0.0,0.0,0.0
ramp_low,4,0.0,0.0,0.0,0.0,0.0,0.0,0.0,0.0,0.0,0.0,0.0,0.0,0.0,0.0,0.0,0.0,0.0,0.0,0.0,0.0,0.0,0.0,0.0,0.0
ramp_low,5,0.0,0.0,0.0,0.0,0.0,0.0,0.0,0.0,0.0,0.0,0.0,0.0,0.0,0.0,0.0,0.0,0.0,0.0,0.0,0.0,0.0,0.0,0.0,0.0
ramp_up,1,0.0,0.0,0.0,0.0,0.0,0.0,0.0,0.0,0.0,0.0,0.0,0.0,0.0,0.0,0.0,0.0,0.0,0.0,0.0,0.0,0.0,0.0,0.0,0.0
ramp_up,2,0.0,0.0,0.0,0.0,0.0,0.0,0.0,0.0,0.0,0.0,0.0,0.0,0.0,0.0,0.0,0.0,0.0,0.0,0.0,0.0,0.0,0.0,0.0,0.0
ramp_up,3,0.0,0.0,0.0,0.0,0.0,0.0,0.0,0.0,0.0,0.0,0.0,0.0,0.0,0.0,0.0,0.0,0.0,0.0,0.0,0.0,0.0,0.0,0.0,0.0
ramp_up,4,0.0,0.0,0.0,0.0,0.0,0.0,0.0,0.0,0.0,0.0,0.0,0.0,0.0,0.0,0.0,0.0,0.0,0.0,0.0,0.0,0.0,0.0,0.0,0.0
ramp_up,5,0.0,0.0,0.0,0.0,0.0,0.0,0.0,0.0,0.0,0.0,0.0,0.0,0.0,0.0,0.0,0.0,0.0,0.0,0.0,0.0,0.0,0.0,0.0,0.0
rho_L,1,0.0,0.0,0.0,0.0,0.0,0.0,0.0,0.0,0.0,0.0,0.0,0.0,0.0,0.0,0.0,0.0,0.0,0.0,0.0,0.0,0.0,0.0,0.0,0.0
rho_L,1,0.0,0.0,0.0,0.0,0.0,0.0,0.0,0.0,0.0,0.0,0.0,0.0,0.0,0.0,0.0,0.0,0.0,0.0,0.0,0.0,0.0,0.0,0.0,5.006307396866804
rho_L,1,34.6,34.6,34.6,34.6,34.6,4.119999999970702,0.0,0.0,0.0,0.0,0.0,0.0,0.0,0.0,0.0,0.0,0.0,0.0,0.0,0.0,0.0,34.6,34.6,39.60630739686627
rho_L,1,69.2,69.2,69.2,69.2,69.2,38.71999999997593,34.6,34.6,34.6,34.6,15.53295326207817,17.95456747740795,10.4,15.5329532620799,0.0,16.26957339972338,16.26957339971807,15.5329532620776,17.95456747741468,34.6,34.6,69.2,69.2,74.20630739686624
rho_L,1,103.8,103.8,103.8,103.8,103.8,73.31999999996856,69.2,69.2,69.2,69.2,50.13295326207849,52.55456747740803,45.0,50.13295326207998,34.6,50.86957339972307,50.86957339971778,50.13295326207765,52.55456747741422,69.2,69.2,103.8,103.8,108.8063073968668
rho_L,2,0.0,0.0,0.0,0.0,0.0,0.0,0.0,0.0,0.0,0.0,0.0,0.0,0.0,0.0,0.0,0.0,0.0,0.0,0.0,0.0,0.0,0.0,0.0,0.0
rho_L,2,0.0,0.0,0.0,0.0,0.0,0.0,0.0,0.0,0.0,0.0,0.0,0.0,0.0,0.0,0.0,0.0,0.0,0.0,0.0,0.0,0.0,0.0,0.0,0.0
rho_L,2,4.003078442102109,3.110624590761319,0.0,3.110624590778274,0.0,0.0,0.0,0.0,0.0,0.0,0.0,0.0,0.0,0.0,0.0,0.0,0.0,0.0,0.0,0.0,0.0,0.0,0.0,0.0
rho_L,2,53.80307844210529,52.91062459076156,46.16909718353731,52.91062459078029,49.8,24.06299999998225,17.85756265262908,17.85756265262015,17.85756265270049,17.85756265261927,0.0,1.222068334490473,0.0,0.0,0.0,0.0,0.0,0.0,1.222068334484902,13.29442886618043,17.85756265261911,46.16909718353457,46.16909718354182,49.8
rho_L,2,103.6030784421033,102.7106245907601,95.96909718353754,102.7106245907795,99.6,73.8629999999734,67.65756265262932,67.65756265261984,67.65756265270034,67.65756265261882,49.8,51.02206833449051,45.54299999996237,49.8,31.71204686315994,49.8,49.8,49.8,51.02206833448489,63.09442886618049,67.65756265261953,95.96909718353695,95.96909718354203,99.6
rho_L,3,0.0,0.0,0.0,0.0,0.0,0.0,0.0,0.0,0.0,0.0,0.0,0.0,0.0,0.0,0.0,0.0,0.0,0.0,0.0,0.0,0.0,0.0,0.0,0.0
rho_L,3,52.13999999999709,52.13999999999771,38.53036750232465,52.13999999999771,45.8603463011633,24.95539999998893,16.62536951579534,16.62536951578346,16.62536951583178,16.62536951578868,0.0,0.0,0.0,0.0,0.0,0.0,0.0,0.0,0.0,7.413425379131843,16.62536951577809,38.53036750231539,38.53036750232707,40.76004139402309
rho_L,3,104.2799999999971,104.2799999999978,90.67036750232467,104.2799999999978,98.00034630116355,77.09539999998938,68.76536951579516,68.76536951578373,68.76536951583162,68.76536951578872,52.13999999999605,52.13999999999668,48.77539999997848,52.13999999999879,31.44907477894373,51.38954921764235,51.38954921763727,52.13999999999638,52.13999999999726,59.55342537913177,68.76536951577795,90.67036750232114,90.67036750232724,92.90004139402325
rho_L,3,156.4199999999969,156.4199999999977,142.8103675023247,156.4199999999979,150.1403463011656,129.2353999999897,120.9053695157954,120.9053695157844,120.9053695158314,120.9053695157881,104.2799999999959,104.2799999999966,100.9153999999786,104.2799999999976,83.58907477894394,103.5295492176422,103.5295492176373,104.2799999999968,104.2799999999988,111.6934253791318,120.905369515777,142.8103675023152,142.8103675023258,145.0400413940231
rho_L,3,208.5599999999978,208.5599999999978,194.9503675023246,208.5600000000004,202.2803463011613,181.375399999988,173.0453695157955,173.0453695157834,173.0453695158319,173.0453695157887,156.4199999999955,156.4199999999965,153.0553999999784,156.4199999999975,135.7290747789443,155.6695492176422,155.6695492176373,156.4199999999969,156.4199999999975,163.8334253791318,173.0453695157777,194.9503675023145,194.9503675023263,197.1800413940231
rho_L,4,0.0,0.0,0.0,0.0,0.0,0.0,0.0,0.0,0.0,0.0,0.0,0.0,0.0,0.0,0.0,0.0,0.0,0.0,0.0,0.0,0.0,0.0,0.0,0.0
rho_L,4,39.4,36.21625550595077,12.16649569792492,36.21625550596467,25.11939722116327,11.5595999999999,0.0,0.0,0.0,0.0,0.0,0.0,0.0,0.0,0.0,0.0,0.0,0.0,0.0,0.0,0.0,12.16649569792546,12.16649569794959,12.26617766714026
rho_L,4,78.8,75.61625550595126,51.56649569792467,75.61625550596446,64.51939722116816,50.95959999999585,39.4,39.4,39.4,39.4,24.64767305564368,22.79002107945246,22.63959999999913,24.64767305566582,0.0,22.75647069701193,22.75647069701461,24.64767305564618,22.79002107944993,23.12145288352361,39.4,51.56649569792586,51.56649569794965,51.66617766714026
rho_L,4,118.2,115.0162555059514,90.96649569792467,115.0162555059651,103.9193972211632,90.35959999999565,78.8,78.8,78.8,78.8,64.04767305564371,62.19002107945302,62.03959999999354,64.047673055666,39.4,62.15647069701183,62.15647069701464,64.0476730556472,62.19002107945033,62.5214528835233,78.8,90.9664956979253,90.96649569795002,91.06617766714027
rho_L,4,157.6,154.4162555059515,130.3664956979247,154.4162555059653,143.3193972211633,129.7595999999951,118.2,118.2,118.2,118.2,103.4476730556437,101.5900210794525,101.4395999999934,103.4476730556658,78.8,101.5564706970119,101.5564706970147,103.4476730556471,101.5900210794504,101.9214528835233,118.2,130.3664956979259,130.3664956979504,130.4661776671402
rho_L,5,0.0,0.0,0.0,0.0,0.0,0.0,0.0,0.0,0.0,0.0,0.0,0.0,0.0,0.0,0.0,0.0,0.0,0.0,0.0,0.0,0.0,0.0,0.0,0.0
rho_L,5,0.0,0.0,0.0,0.0,0.0,0.0,0.0,0.0,0.0,0.0,0.0,0.0,0.0,0.0,0.0,0.0,0.0,0.0,0.0,0.0,0.0,0.0,0.0,0.0
rho_L,5,27.78677444210115,24.53834966515907,0.0,24.53834966518491,13.21604994366123,0.0,0.0,0.0,0.0,0.0,0.0,0.0,0.0,0.0,0.0,0.0,0.0,0.0,0.0,0.0,0.0,0.0,0.0,0.0
rho_L,5,56.10677444210415,52.85834966515931,28.32000000000414,52.85834966518513,41.53604994366148,28.31999999999883,16.60925865263163,16.60925865266029,16.6092586526297,16.60925865264971,1.944588647243311,0.0,0.0,1.944588647251805,0.0,0.0,0.0,1.944588647242541,0.0,0.0,16.60925865262829,28.31999999999931,28.31999999999769,28.31999999999769
rho_L,5,84.42677444210118,81.1783496651592,56.64000000000399,81.17834966518501,69.85604994366145,56.63999999999874,44.92925865262829,44.9292586526596,44.92925865263012,44.92925865264989,30.26458864724412,28.31999999999843,28.31999999999618,30.26458864725276,5.431742863156558,28.31999999999977,28.31999999999709,30.26458864724263,28.31999999999198,28.31999999999601,44.92925865262811,56.63999999999919,56.63999999999749,56.63999999999979
rho_U,1,34.6,34.6,34.6,34.6,34.6,65.0800000000301,69.2,69.2,69.2,69.2,88.26704673792136,85.84543252259891,93.4,88.26704673791798,103.8,87.53042660027631,87.53042660028166,88.26704673792196,85.84543252258482,69.2,69.2,34.6,34.6,29.59369260313315
rho_U,1,0.0,0.0,0.0,0.0,0.0,30.48000000003009,34.6,34.6,34.6,34.6,53.66704673792705,51.2454325225915,58.8,53.66704673791946,69.2,52.93042660027626,52.93042660028163,53.66704673792208,51.24543252258479,34.6,34.6,0.0,0.0,0.0
rho_U,1,0.0,0.0,0.0,0.0,0.0,0.0,0.0,0.0,0.0,0.0,19.06704673792285,16.6454325225917,24.2,19.06704673791984,34.6,18.33042660027627,18.33042660028102,19.06704673792203,16.6454325225852,0.0,0.0,0.0,0.0,0.0
rho_U,1,0.0,0.0,0.0,0.0,0.0,0.0,0.0,0.0,0.0,0.0,0.0,0.0,0.0,0.0,0.0,0.0,0.0,0.0,0.0,0.0,0.0,0.0,0.0,0.0
rho_U,1,0.0,0.0,0.0,0.0,0.0,0.0,0.0,0.0,0.0,0.0,0.0,0.0,0.0,0.0,0.0,0.0,0.0,0.0,0.0,0.0,0.0,0.0,0.0,0.0
rho_U,2,95.59692155789878,96.48937540923859,103.2309028164624,96.48937540922184,99.6,125.3370000000261,131.5424373473701,131.5424373473794,131.5424373472984,131.5424373473794,149.4,148.177931665509,153.657000000037,149.4,167.4879531368409,149.4,149.4,149.4,148.1779316655184,136.1055711338188,131.5424373473794,103.2309028164648,103.2309028164579,99.6
rho_U,2,45.79692155789834,46.68937540923878,53.43090281646234,46.68937540922192,49.8,75.53700000002613,81.74243734737065,81.74243734737897,81.7424373472987,81.74243734737996,99.6,98.37793166550915,103.857000000037,99.6,117.6879531368409,99.6,99.6,99.6,98.37793166551799,86.30557113381917,81.74243734738104,53.43090281646482,53.43090281646414,49.8
rho_U,2,0.0,0.0,3.630902816462239,0.0,0.0,25.73700000002628,31.94243734737483,31.94243734737955,31.94243734729895,31.94243734737998,49.8,48.57793166550908,54.05700000003714,49.8,67.88795313684108,49.8,49.8,49.8,48.57793166551795,36.50557113381922,31.94243734738148,3.630902816465067,3.630902816459299,0.0
rho_U,2,0.0,0.0,0.0,0.0,0.0,0.0,0.0,0.0,0.0,0.0,0.0,0.0,4.257000000041103,0.0,18.08795313684147,0.0,0.0,0.0,0.0,0.0,0.0,0.0,0.0,0.0
rho_U,2,0.0,0.0,0.0,0.0,0.0,0.0,0.0,0.0,0.0,0.0,0.0,0.0,0.0,0.0,0.0,0.0,0.0,0.0,0.0,0.0,0.0,0.0,0.0,0.0
rho_U,3,0.0,0.0,13.60963249767469,0.0,6.279653698841116,27.18460000001189,35.51463048420453,35.51463048421689,35.51463048416809,35.5146304842105,52.14000000000601,52.14000000000505,55.50460000002262,52.14000000000098,72.83092522105842,52.89045078235739,52.89045078236208,52.14000000000283,52.14000000000213,44.72657462086863,35.51463048422295,13.60963249768577,13.60963249767304,11.37995860597688
rho_U,3,0.0,0.0,0.0,0.0,0.0,0.0,0.0,0.0,0.0,0.0,0.0,0.0,3.364600000025568,0.0,20.69092522105854,0.7504507823574045,0.7504507823622646,0.0,0.0,0.0,0.0,0.0,0.0,0.0
rho_U,3,0.0,0.0,0.0,0.0,0.0,0.0,0.0,0.0,0.0,0.0,0.0,0.0,0.0,0.0,0.0,0.0,0.0,0.0,0.0,0.0,0.0,0.0,0.0,0.0
rho_U,3,0.0,0.0,0.0,0.0,0.0,0.0,0.0,0.0,0.0,0.0,0.0,0.0,0.0,0.0,0.0,0.0,0.0,0.0,0.0,0.0,0.0,0.0,0.0,0.0
rho_U,3,0.0,0.0,0.0,0.0,0.0,0.0,0.0,0.0,0.0,0.0,0.0,0.0,0.0,0.0,0.0,0.0,0.0,0.0,0.0,0.0,0.0,0.0,0.0,0.0
rho_U,4,0.0,3.183744494046898,27.23350430207483,3.183744494038363,14.28060277883694,27.84040000000556,39.4,39.4,39.4,39.4,54.1523269443561,56.00997892054806,56.16040000000682,54.15232694433388,78.8,56.04352930298722,56.04352930298441,54.15232694435468,56.00997892054937,55.67854711647635,39.4,27.23350430207361,27.23350430205528,27.13382233285989
rho_U,4,0.0,0.0,0.0,0.0,0.0,0.0,0.0,0.0,0.0,0.0,14.75232694435596,16.60997892054718,16.76040000000643,14.75232694433396,39.4,16.64352930298716,16.64352930298444,14.75232694435289,16.60997892054931,16.27854711647632,0.0,0.0,0.0,0.0
rho_U,4,0.0,0.0,0.0,0.0,0.0,0.0,0.0,0.0,0.0,0.0,0.0,0.0,0.0,0.0,0.0,0.0,0.0,0.0,0.0,0.0,0.0,0.0,0.0,0.0
rho_U,4,0.0,0.0,0.0,0.0,0.0,0.0,0.0,0.0,0.0,0.0,0.0,0.0,0.0,0.0,0.0,0.0,0.0,0.0,0.0,0.0,0.0,0.0,0.0,0.0
rho_U,4,0.0,0.0,0.0,0.0,0.0,0.0,0.0,0.0,0.0,0.0,0.0,0.0,0.0,0.0,0.0,0.0,0.0,0.0,0.0,0.0,0.0,0.0,0.0,0.0
rho_U,5,28.85322555789961,32.101650334841,56.63999999999601,32.10165033481451,43.42395005633824,56.6400000000009,68.35074134737232,68.35074134734305,68.35074134736851,68.35074134734992,83.0154113527567,84.96000000000026,84.96000000000316,83.01541135274829,107.8482571368439,84.95999999999987,84.96000000000254,83.01541135275824,84.96000000000771,84.96000000000214,68.35074134737289,56.64000000000055,56.6400000000009,56.6399999999999
rho_U,5,0.5332255578986463,3.781650334843051,28.3199999999963,3.781650334813206,15.10395005633836,28.3200000000009,40.03074134737311,40.0307413473399,40.03074134736906,40.03074134735004,54.6954113527604,56.6400000000003,56.6400000000025,54.69541135274767,79.52825713684271,56.63999999999987,56.6400000000026,54.69541135275819,56.64000000000772,56.64000000000215,40.03074134737256,28.32000000000045,28.31999999999917,28.31999999999988
rho_U,5,0.0,0.0,0.0,0.0,0.0,0.0,11.71074134737243,11.7107413473397,11.71074134736907,11.71074134735005,26.37541135275679,28.32000000000028,28.32000000000323,26.37541135274768,51.20825713684287,28.31999999999988,28.32000000000255,26.37541135275808,28.32000000000772,28.32000000000215,11.71074134737217,0.0,0.0,0.0
rho_U,5,0.0,0.0,0.0,0.0,0.0,0.0,0.0,0.0,0.0,0.0,0.0,0.0,0.0,0.0,22.88825713684321,0.0,0.0,0.0,0.0,0.0,0.0,0.0,0.0,0.0
rho_U,5,0.0,0.0,0.0,0.0,0.0,0.0,0.0,0.0,0.0,0.0,0.0,0.0,0.0,0.0,0.0,0.0,0.0,0.0,0.0,0.0,0.0,0.0,0.0,0.0
varphi,1,252.65,252.65,252.65,252.65,252.65,283.1300000000286,287.25,287.25,287.25,287.25,306.317046737924,303.8954325225918,311.45,306.3170467379196,321.85,305.5804266002764,305.5804266002817,306.3170467379222,303.8954325225855,287.25,287.25,252.65,252.65,247.6436926031334
varphi,2,253.3899215578967,254.2823754092399,261.0239028164625,254.2823754092205,257.3929999999995,283.1300000000264,289.3354373473725,289.3354373473796,289.335437347299,289.3354373473804,307.1929999999992,305.9709316655093,311.45,307.1929999999937,325.2809531368424,307.1929999999967,307.1929999999975,307.1930000000009,305.9709316655143,293.8985711338193,289.3354373473828,261.0239028164652,261.0239028164616,257.3930000000028
varphi,3,255.9454000000025,255.945400000001,269.5550324976749,255.9453999999999,262.2250536988402,283.1300000000147,291.4600304842047,291.4600304842183,291.4600304841682,291.4600304842109,308.0854000000029,308.0854000000024,311.45,308.0854000000011,328.7763252210613,308.8358507823575,308.8358507823623,308.0854000000029,308.0854000000011,300.6719746208677,291.4600304842211,269.5550324976837,269.5550324976715,267.3253586059764
varphi,4,255.2896000000017,258.473344494052,282.5231043020752,258.4733444940368,269.5702027788357,283.1300000000028,294.6896000000002,294.6896000000017,294.689599999997,294.6895999999823,309.4419269443561,311.2995789205473,311.45,309.441926944334,334.0896000000014,311.3331293029877,311.3331293029851,309.4419269443516,311.2995789205495,310.9681471164765,294.6896000000031,282.5231043020739,282.5231043020539,282.4234223328594
varphi,5,255.3432255578971,258.5916503348384,283.1299999999952,258.5916503348147,269.9139500563384,283.130000000001,294.8407413473702,294.8407413473417,294.8407413473695,294.8407413473502,309.505411352758,311.45,311.45,309.505411352748,334.338257136843,311.45,311.45,309.5054113527556,311.45,311.45,294.8407413473712,283.1300000000006,283.130000000001,283.13
z_Xi_L,value,256.4268508212757,260.9822864955436,295.3936954503188,260.9822864955354,276.8601385655437,283.1300000000005,297.8948929262622,297.8948929262701,297.8948929263558,297.8948929262809,310.7882569111787,314.4895969422978,311.45,310.7882569111595,339.3629350316117,313.8116358463758,313.8116358463728,310.78825691118,314.4895969423179,321.1869235530758,297.8948929263099,295.3936954503259,295.3936954502954,297.4079943100979
z_Xi_U,value,1.0,1.0,1.0,1.0,1.0,1.0,1.0,1.0,1.0,1.0,1.0,1.0,1.0,1.0,1.0,1.0,1.0,1.0,1.0,1.0,1.0,1.0,1.0,1.0
z_alpha_L,1,0.0,0.0,0.0,0.0,0.0,0.0,0.0,0.0,0.0,0.0,0.0,0.0,0.0,0.0,0.0,0.0,0.0,0.0,0.0,0.0,0.0,0.0,0.0,0.0
z_alpha_L,2,0.0,0.0,0.0,0.0,0.0,0.0,0.0,0.0,0.0,0.0,0.0,0.0,0.0,0.0,0.0,0.0,0.0,0.0,0.0,0.0,0.0,0.0,0.0,0.0
z_alpha_L,3,1.0,0.0,0.0,0.0,0.0,0.0,0.0,0.0,0.0,0.0,0.0,0.0,0.0,0.0,0.0,0.0,0.0,0.0,0.0,0.0,0.0,0.0,0.0,0.0
z_alpha_L,4,0.0,0.0,0.0,0.0,0.0,0.0,0.0,0.0,0.0,0.0,0.0,0.0,0.0,0.0,0.0,0.0,0.0,0.0,0.0,0.0,0.0,0.0,0.0,0.0
z_alpha_L,5,0.0,0.0,0.0,0.0,0.0,0.0,0.0,0.0,0.0,0.0,0.0,0.0,0.0,0.0,0.0,0.0,0.0,0.0,0.0,0.0,0.0,0.0,0.0,0.0
z_alpha_U,1,0.0,0.0,0.0,0.0,0.0,0.0,0.0,0.0,0.0,0.0,0.0,0.0,0.0,0.0,0.0,0.0,0.0,0.0,0.0,0.0,0.0,0.0,0.0,0.0
z_alpha_U,2,0.0,0.0,0.0,0.0,0.0,0.0,0.0,0.0,0.0,0.0,0.0,0.0,0.0,0.0,0.0,0.0,0.0,0.0,0.0,0.0,0.0,0.0,0.0,0.0
z_alpha_U,3,0.0,0.0,0.0,0.0,0.0,0.0,0.0,0.0,0.0,0.0,0.0,0.0,0.0,0.0,0.0,0.0,0.0,0.0,0.0,0.0,0.0,0.0,0.0,0.0
z_alpha_U,4,0.0,0.0,0.0,0.0,0.0,0.0,0.0,0.0,0.0,0.0,0.0,0.0,0.0,0.0,0.0,0.0,0.0,0.0,0.0,0.0,0.0,0.0,0.0,0.0
z_alpha_U,5,0.0,0.0,0.0,0.0,0.0,0.0,0.0,0.0,0.0,0.0,0.0,0.0,0.0,0.0,0.0,0.0,0.0,0.0,0.0,0.0,0.0,0.0,0.0,0.0
z_kappa_L,value,0.0,0.0,0.0,0.0,0.0,0.0,0.0,0.0,0.0,0.0,0.0,0.0,0.0,0.0,0.0,0.0,0.0,0.0,0.0,0.0,0.0,0.0,0.0,0.0
z_kappa_U,value,0.0,0.0,0.0,0.0,0.0,0.0,0.0,0.0,0.0,0.0,0.0,0.0,0.0,0.0,0.0,0.0,0.0,0.0,0.0,0.0,0.0,0.0,0.0,0.0
z_omega_L,1,0.0,0.0,0.0,0.0,0.0,0.0,0.0,0.0,0.0,0.0,0.0,0.0,0.0,0.0,0.0,0.0,0.0,0.0,0.0,0.0,0.0,0.0,0.0,0.0
z_omega_L,2,0.0,0.0,0.0,0.0,0.0,0.0,0.0,0.0,0.0,0.0,0.0,0.0,0.0,0.0,0.0,0.0,0.0,0.0,0.0,0.0,0.0,0.0,0.0,0.0
z_omega_L,3,0.0,0.0,0.0,0.0,0.0,0.0,0.0,0.0,0.0,0.0,0.0,0.0,0.0,0.0,0.0,0.0,0.0,0.0,0.0,0.0,0.0,0.0,0.0,0.0
z_omega_L,4,0.0,0.0,0.0,0.0,0.0,0.0,0.0,0.0,0.0,0.0,0.0,0.0,0.0,0.0,0.0,0.0,0.0,0.0,0.0,0.0,0.0,0.0,0.0,0.0
z_omega_L,5,0.0,0.0,0.0,0.0,0.0,0.0,0.0,0.0,0.0,0.0,0.0,0.0,0.0,0.0,0.0,0.0,0.0,0.0,0.0,0.0,0.0,0.0,0.0,0.0
z_omega_L,6,0.0,0.0,0.0,0.0,0.0,0.0,0.0,0.0,0.0,0.0,0.0,0.0,0.0,0.0,0.0,0.0,0.0,0.0,0.0,0.0,0.0,0.0,0.0,0.0
z_omega_L,7,0.0,0.0,0.0,0.0,0.0,0.0,0.0,0.0,0.0,0.0,0.0,0.0,0.0,0.0,0.0,0.0,0.0,0.0,0.0,0.0,0.0,0.0,0.0,0.0
z_omega_L,8,0.0,0.0,0.0,0.0,0.0,0.0,0.0,0.0,0.0,0.0,0.0,0.0,0.0,0.0,0.0,0.0,0.0,0.0,0.0,0.0,0.0,0.0,0.0,0.0
z_omega_L,9,0.0,0.0,0.0,0.0,0.0,0.0,0.0,0.0,0.0,0.0,0.0,0.0,0.0,0.0,0.0,0.0,0.0,0.0,0.0,0.0,0.0,0.0,0.0,0.0
z_omega_L,10,0.0,0.0,0.0,0.0,0.0,0.0,0.0,0.0,0.0,0.0,0.0,0.0,0.0,0.0,0.0,0.0,0.0,0.0,0.0,0.0,0.0,0.0,0.0,0.0
z_omega_L,11,0.0,0.0,0.0,0.0,0.0,0.0,0.0,0.0,0.0,0.0,0.0,0.0,0.0,0.0,0.0,0.0,0.0,0.0,0.0,0.0,0.0,0.0,0.0,0.0
z_omega_L,12,0.0,0.0,0.0,0.0,0.0,0.0,0.0,0.0,0.0,0.0,0.0,0.0,0.0,0.0,0.0,0.0,0.0,0.0,0.0,0.0,0.0,0.0,0.0,0.0
z_omega_L,13,0.0,0.0,0.0,0.0,0.0,0.0,0.0,0.0,0.0,0.0,0.0,0.0,0.0,0.0,0.0,0.0,0.0,0.0,0.0,0.0,0.0,0.0,0.0,0.0
z_omega_L,14,0.0,0.0,0.0,0.0,0.0,0.0,0.0,0.0,0.0,0.0,0.0,0.0,0.0,0.0,0.0,0.0,0.0,0.0,0.0,0.0,0.0,0.0,0.0,0.0
z_omega_L,15,0.0,0.0,0.0,0.0,0.0,0.0,0.0,0.0,0.0,0.0,0.0,0.0,0.0,0.0,0.0,0.0,0.0,0.0,0.0,0.0,0.0,0.0,0.0,0.0
z_omega_L,16,0.0,0.0,0.0,0.0,0.0,0.0,0.0,0.0,0.0,0.0,0.0,0.0,0.0,0.0,0.0,0.0,0.0,0.0,0.0,0.0,0.0,0.0,0.0,0.0
z_omega_L,17,0.0,0.0,0.0,0.0,0.0,0.0,0.0,0.0,0.0,0.0,0.0,0.0,0.0,0.0,0.0,0.0,0.0,0.0,0.0,0.0,0.0,0.0,0.0,0.0
z_omega_L,18,0.0,0.0,0.0,0.0,0.0,0.0,0.0,0.0,0.0,0.0,0.0,0.0,0.0,0.0,0.0,0.0,0.0,0.0,0.0,0.0,0.0,0.0,0.0,0.0
z_omega_L,19,0.0,0.0,0.0,0.0,0.0,0.0,0.0,0.0,0.0,0.0,0.0,0.0,0.0,0.0,0.0,0.0,0.0,0.0,0.0,0.0,0.0,0.0,0.0,0.0
z_omega_L,20,0.0,0.0,0.0,0.0,0.0,0.0,0.0,0.0,0.0,0.0,0.0,0.0,0.0,0.0,0.0,0.0,0.0,0.0,0.0,0.0,0.0,0.0,0.0,0.0
z_omega_U,1,0.0,0.0,0.0,0.0,0.0,0.0,0.0,0.0,0.0,0.0,0.0,0.0,0.0,0.0,0.0,0.0,0.0,0.0,0.0,0.0,0.0,0.0,0.0,0.0
z_omega_U,2,0.0,0.0,0.0,0.0,0.0,0.0,0.0,0.0,0.0,0.0,0.0,0.0,0.0,0.0,0.0,0.0,0.0,0.0,0.0,0.0,0.0,0.0,0.0,0.0
z_omega_U,3,0.0,0.0,0.0,0.0,0.0,0.0,0.0,0.0,0.0,0.0,0.0,0.0,0.0,0.0,0.0,0.0,0.0,0.0,0.0,0.0,0.0,0.0,0.0,0.0
z_omega_U,4,0.0,0.0,0.0,0.0,0.0,0.0,0.0,0.0,0.0,0.0,0.0,0.0,0.0,0.0,0.0,0.0,0.0,0.0,0.0,0.0,0.0,0.0,0.0,0.0
z_omega_U,5,0.0,0.0,0.0,0.0,0.0,0.0,0.0,0.0,0.0,0.0,0.0,0.0,0.0,0.0,0.0,0.0,0.0,0.0,0.0,0.0,0.0,0.0,0.0,0.0
z_omega_U,6,0.0,0.0,0.0,0.0,0.0,0.0,0.0,0.0,0.0,0.0,0.0,0.0,0.0,0.0,0.0,0.0,0.0,0.0,0.0,0.0,0.0,0.0,0.0,0.0
z_omega_U,7,0.0,0.0,0.0,0.0,0.0,0.0,0.0,0.0,0.0,0.0,0.0,0.0,0.0,0.0,0.0,0.0,0.0,0.0,0.0,0.0,0.0,0.0,0.0,0.0
z_omega_U,8,0.0,0.0,0.0,0.0,0.0,0.0,0.0,0.0,0.0,0.0,0.0,0.0,0.0,0.0,0.0,0.0,0.0,0.0,0.0,0.0,0.0,0.0,0.0,0.0
z_omega_U,9,0.0,0.0,0.0,0.0,0.0,0.0,0.0,0.0,0.0,0.0,0.0,0.0,0.0,0.0,0.0,0.0,0.0,0.0,0.0,0.0,0.0,0.0,0.0,0.0
z_omega_U,10,0.0,0.0,0.0,0.0,0.0,0.0,0.0,0.0,0.0,0.0,0.0,0.0,0.0,0.0,0.0,0.0,0.0,0.0,0.0,0.0,0.0,0.0,0.0,0.0
z_omega_U,11,0.0,0.0,0.0,0.0,0.0,0.0,0.0,0.0,0.0,0.0,0.0,0.0,0.0,0.0,0.0,0.0,0.0,0.0,0.0,0.0,0.0,0.0,0.0,0.0
z_omega_U,12,0.0,0.0,0.0,0.0,0.0,0.0,0.0,0.0,0.0,0.0,0.0,0.0,0.0,0.0,0.0,0.0,0.0,0.0,0.0,0.0,0.0,0.0,0.0,0.0
z_omega_U,13,0.0,0.0,0.0,0.0,0.0,0.0,0.0,0.0,0.0,0.0,0.0,0.0,0.0,0.0,0.0,0.0,0.0,0.0,0.0,0.0,0.0,0.0,0.0,0.0
z_omega_U,14,0.0,0.0,0.0,0.0,0.0,0.0,0.0,0.0,0.0,0.0,0.0,0.0,0.0,0.0,0.0,0.0,0.0,0.0,0.0,0.0,0.0,0.0,0.0,0.0
z_omega_U,15,0.0,0.0,0.0,0.0,0.0,0.0,0.0,0.0,0.0,0.0,0.0,0.0,0.0,0.0,0.0,0.0,0.0,0.0,0.0,0.0,0.0,0.0,0.0,0.0
z_omega_U,16,0.0,0.0,0.0,0.0,0.0,0.0,0.0,0.0,0.0,0.0,0.0,0.0,0.0,0.0,0.0,0.0,0.0,0.0,0.0,0.0,0.0,0.0,0.0,0.0
z_omega_U,17,0.0,0.0,0.0,0.0,0.0,0.0,0.0,0.0,0.0,0.0,0.0,0.0,0.0,0.0,0.0,0.0,0.0,0.0,0.0,0.0,0.0,0.0,0.0,0.0
z_omega_U,18,0.0,0.0,0.0,0.0,0.0,0.0,0.0,0.0,0.0,0.0,0.0,0.0,0.0,0.0,0.0,0.0,0.0,0.0,0.0,0.0,0.0,0.0,0.0,0.0
z_omega_U,19,0.0,0.0,0.0,0.0,0.0,0.0,0.0,0.0,0.0,0.0,0.0,0.0,0.0,0.0,0.0,0.0,0.0,0.0,0.0,0.0,0.0,0.0,0.0,0.0
z_omega_U,20,0.0,0.0,0.0,0.0,0.0,0.0,0.0,0.0,0.0,0.0,0.0,0.0,0.0,0.0,0.0,0.0,0.0,0.0,0.0,0.0,0.0,0.0,0.0,0.0
z_ramp_L,1,1.0,1.0,1.0,1.0,1.0,1.0,1.0,1.0,1.0,1.0,1.0,1.0,1.0,1.0,1.0,1.0,1.0,1.0,1.0,1.0,1.0,1.0,1.0,1.0
z_ramp_L,2,0.0,1.0,0.0,0.0,1.0,1.0,1.0,1.0,1.0,1.0,1.0,1.0,1.0,1.0,1.0,1.0,1.0,1.0,1.0,1.0,1.0,1.0,0.0,0.0
z_ramp_L,3,0.0,0.0,0.0,0.0,0.0,0.0,0.0,0.0,1.0,0.0,1.0,1.0,1.0,1.0,1.0,1.0,1.0,1.0,1.0,0.0,0.0,0.0,0.0,0.0
z_ramp_L,4,0.0,0.0,0.0,0.0,0.0,0.0,0.0,0.0,0.0,0.0,0.0,0.0,0.0,0.0,0.0,0.0,0.0,0.0,0.0,0.0,0.0,0.0,0.0,0.0
z_ramp_L,5,0.0,0.0,0.0,0.0,0.0,0.0,0.0,0.0,0.0,0.0,0.0,0.0,0.0,0.0,0.0,0.0,0.0,0.0,0.0,0.0,0.0,0.0,0.0,0.0
z_ramp_U,1,0.0,0.0,0.0,0.0,0.0,0.0,0.0,0.0,0.0,0.0,0.0,0.0,0.0,0.0,0.0,0.0,0.0,0.0,0.0,0.0,0.0,0.0,0.0,0.0
z_ramp_U,2,0.0,0.0,0.0,0.0,0.0,0.0,0.0,0.0,0.0,0.0,0.0,0.0,0.0,0.0,0.0,0.0,0.0,0.0,0.0,0.0,0.0,0.0,0.0,0.0
z_ramp_U,3,0.0,0.0,0.0,0.0,0.0,0.0,0.0,0.0,0.0,0.0,0.0,0.0,0.0,0.0,0.0,0.0,0.0,0.0,0.0,0.0,0.0,0.0,0.0,0.0
z_ramp_U,4,0.0,0.0,0.0,0.0,0.0,0.0,0.0,0.0,0.0,0.0,0.0,0.0,0.0,0.0,0.0,0.0,0.0,0.0,0.0,0.0,0.0,0.0,0.0,0.0
z_ramp_U,5,0.0,0.0,0.0,0.0,0.0,0.0,0.0,0.0,0.0,0.0,0.0,0.0,0.0,0.0,0.0,0.0,0.0,0.0,0.0,0.0,0.0,0.0,0.0,0.0
z_rho_L,1,0.0,0.0,0.0,0.0,0.0,0.0,0.0,0.0,0.0,0.0,0.0,0.0,0.0,0.0,0.0,0.0,0.0,0.0,0.0,0.0,0.0,0.0,0.0,0.0
z_rho_L,1,0.0,0.0,1.0,0.0,0.0,0.0,0.0,0.0,0.0,0.0,0.0,0.0,0.0,0.0,0.0,0.0,0.0,0.0,0.0,0.0,0.0,0.0,0.0,1.0
z_rho_L,1,1.0,1.0,1.0,1.0,1.0,1.0,0.0,0.0,0.0,0.0,0.0,0.0,0.0,0.0,0.0,0.0,0.0,0.0,0.0,0.0,0.0,1.0,1.0,1.0
z_rho_L,1,1.0,1.0,1.0,1.0,1.0,1.0,1.0,1.0,1.0,1.0,1.0,1.0,1.0,1.0,0.0,1.0,1.0,1.0,1.0,1.0,1.0,1.0,1.0,1.0
z_rho_L,1,1.0,1.0,1.0,1.0,1.0,1.0,1.0,1.0,1.0,1.0,1.0,1.0,1.0,1.0,1.0,1.0,1.0,1.0,1.0,1.0,1.0,1.0,1.0,1.0
z_rho_L,2,0.0,0.0,0.0,0.0,0.0,0.0,0.0,0.0,0.0,0.0,0.0,0.0,0.0,0.0,0.0,0.0,0.0,0.0,0.0,0.0,0.0,0.0,0.0,0.0
z_rho_L,2,0.0,0.0,0.0,0.0,0.0,0.0,0.0,0.0,0.0,0.0,0.0,0.0,0.0,0.0,0.0,0.0,0.0,0.0,0.0,0.0,0.0,0.0,0.0,0.0
z_rho_L,2,1.0,1.0,0.0,1.0,0.0,0.0,0.0,0.0,0.0,0.0,0.0,0.0,0.0,0.0,0.0,0.0,0.0,0.0,0.0,0.0,0.0,0.0,0.0,0.0
z_rho_L,2,1.0,1.0,1.0,1.0,1.0,1.0,1.0,1.0,1.0,1.0,0.0,1.0,0.0,0.0,0.0,0.0,0.0,0.0,1.0,1.0,1.0,1.0,1.0,1.0
z_rho_L,2,1.0,1.0,1.0,1.0,1.0,1.0,1.0,1.0,1.0,1.0,1.0,1.0,1.0,1.0,1.0,1.0,1.0,1.0,1.0,1.0,1.0,1.0,1.0,1.0
z_rho_L,3,0.0,0.0,0.0,0.0,0.0,0.0,0.0,0.0,0.0,0.0,0.0,0.0,0.0,0.0,0.0,0.0,0.0,0.0,0.0,0.0,0.0,0.0,0.0,0.0
z_rho_L,3,1.0,1.0,1.0,1.0,1.0,1.0,1.0,1.0,1.0,1.0,0.0,0.0,0.0,0.0,0.0,0.0,0.0,0.0,0.0,1.0,1.0,1.0,1.0,1.0
z_rho_L,3,1.0,1.0,1.0,1.0,1.0,1.0,1.0,1.0,1.0,1.0,1.0,1.0,1.0,1.0,1.0,1.0,1.0,1.0,1.0,1.0,1.0,1.0,1.0,1.0
z_rho_L,3,1.0,1.0,1.0,1.0,1.0,1.0,1.0,1.0,1.0,1.0,1.0,1.0,1.0,1.0,1.0,1.0,1.0,1.0,1.0,1.0,1.0,1.0,1.0,1.0
z_rho_L,3,1.0,1.0,1.0,1.0,1.0,1.0,1.0,1.0,1.0,1.0,1.0,1.0,1.0,1.0,1.0,1.0,1.0,1.0,1.0,1.0,1.0,1.0,1.0,1.0
z_rho_L,4,0.0,0.0,0.0,0.0,0.0,0.0,0.0,0.0,0.0,0.0,0.0,0.0,0.0,0.0,0.0,0.0,0.0,0.0,0.0,0.0,0.0,0.0,0.0,0.0
z_rho_L,4,1.0,1.0,1.0,1.0,1.0,1.0,0.0,0.0,0.0,0.0,0.0,0.0,0.0,0.0,0.0,0.0,0.0,0.0,0.0,0.0,0.0,1.0,1.0,1.0
z_rho_L,4,1.0,1.0,1.0,1.0,1.0,1.0,1.0,1.0,1.0,1.0,1.0,1.0,1.0,1.0,0.0,1.0,1.0,1.0,1.0,1.0,1.0,1.0,1.0,1.0
z_rho_L,4,1.0,1.0,1.0,1.0,1.0,1.0,1.0,1.0,1.0,1.0,1.0,1.0,1.0,1.0,1.0,1.0,1.0,1.0,1.0,1.0,1.0,1.0,1.0,1.0
z_rho_L,4,1.0,1.0,1.0,1.0,1.0,1.0,1.0,1.0,1.0,1.0,1.0,1.0,1.0,1.0,1.0,1.0,1.0,1.0,1.0,1.0,1.0,1.0,1.0,1.0
z_rho_L,5,0.0,0.0,0.0,0.0,0.0,0.0,0.0,0.0,0.0,0.0,0.0,0.0,0.0,0.0,0.0,0.0,0.0,0.0,0.0,0.0,0.0,0.0,0.0,0.0
z_rho_L,5,0.0,0.0,0.0,0.0,0.0,0.0,0.0,0.0,0.0,0.0,0.0,0.0,0.0,0.0,0.0,0.0,0.0,0.0,0.0,0.0,0.0,0.0,0.0,0.0
z_rho_L,5,1.0,1.0,0.0,1.0,1.0,0.0,0.0,0.0,0.0,0.0,0.0,0.0,0.0,0.0,0.0,0.0,0.0,0.0,0.0,0.0,0.0,0.0,0.0,0.0
z_rho_L,5,1.0,1.0,1.0,1.0,1.0,1.0,1.0,1.0,1.0,1.0,1.0,0.0,0.0,1.0,0.0,0.0,0.0,1.0,0.0,0.0,1.0,1.0,1.0,1.0
z_rho_L,5,1.0,1.0,1.0,1.0,1.0,1.0,1.0,1.0,1.0,1.0,1.0,1.0,1.0,1.0,1.0,1.0,1.0,1.0,1.0,1.0,1.0,1.0,1.0,1.0
z_rho_U,1,1.0,1.0,1.0,1.0,1.0,1.0,1.0,1.0,1.0,1.0,1.0,1.0,1.0,1.0,1.0,1.0,1.0,1.0,1.0,1.0,1.0,1.0,1.0,1.0
z_rho_U,1,0.0,1.0,0.0,0.0,1.0,1.0,1.0,1.0,1.0,1.0,1.0,1.0,1.0,1.0,1.0,1.0,1.0,1.0,1.0,1.0,1.0,1.0,0.0,0.0
z_rho_U,1,0.0,0.0,0.0,0.0,0.0,0.0,0.0,0.0,1.0,0.0,1.0,1.0,1.0,1.0,1.0,1.0,1.0,1.0,1.0,0.0,0.0,0.0,0.0,0.0
z_rho_U,1,0.0,0.0,0.0,0.0,0.0,0.0,0.0,0.0,0.0,0.0,0.0,0.0,0.0,0.0,0.0,0.0,0.0,0.0,0.0,0.0,0.0,0.0,0.0,0.0
z_rho_U,1,0.0,0.0,0.0,0.0,0.0,0.0,0.0,0.0,0.0,0.0,0.0,0.0,0.0,0.0,0.0,0.0,0.0,0.0,0.0,0.0,0.0,0.0,0.0,0.0
z_rho_U,2,1.0,1.0,1.0,1.0,1.0,1.0,1.0,1.0,1.0,1.0,1.0,1.0,1.0,1.0,1.0,1.0,1.0,1.0,1.0,1.0,1.0,1.0,1.0,1.0
z_rho_U,2,1.0,1.0,1.0,1.0,1.0,1.0,1.0,1.0,1.0,1.0,1.0,1.0,1.0,1.0,1.0,1.0,1.0,1.0,1.0,1.0,1.0,1.0,1.0,1.0
z_rho_U,2,0.0,0.0,1.0,0.0,0.0,1.0,1.0,1.0,1.0,1.0,1.0,1.0,1.0,1.0,1.0,1.0,1.0,1.0,1.0,1.0,1.0,1.0,1.0,0.0
z_rho_U,2,0.0,0.0,0.0,0.0,0.0,0.0,0.0,0.0,0.0,0.0,0.0,0.0,1.0,0.0,1.0,0.0,0.0,0.0,0.0,0.0,0.0,0.0,0.0,0.0
z_rho_U,2,0.0,0.0,0.0,0.0,0.0,0.0,0.0,0.0,0.0,0.0,0.0,0.0,0.0,0.0,0.0,0.0,0.0,0.0,0.0,0.0,0.0,0.0,0.0,0.0
z_rho_U,3,0.0,0.0,1.0,0.0,1.0,1.0,1.0,1.0,1.0,1.0,1.0,1.0,1.0,1.0,1.0,1.0,1.0,1.0,1.0,1.0,1.0,1.0,1.0,1.0
z_rho_U,3,0.0,0.0,0.0,0.0,0.0,0.0,0.0,0.0,0.0,0.0,0.0,0.0,1.0,0.0,1.0,1.0,1.0,0.0,0.0,0.0,0.0,0.0,0.0,0.0
z_rho_U,3,0.0,0.0,0.0,0.0,0.0,0.0,0.0,0.0,0.0,0.0,0.0,0.0,0.0,0.0,0.0,0.0,0.0,0.0,0.0,0.0,0.0,0.0,0.0,0.0
z_rho_U,3,0.0,0.0,0.0,0.0,0.0,0.0,0.0,0.0,0.0,0.0,0.0,0.0,0.0,0.0,0.0,0.0,0.0,0.0,0.0,0.0,0.0,0.0,0.0,0.0
z_rho_U,3,0.0,0.0,0.0,0.0,0.0,0.0,0.0,0.0,0.0,0.0,0.0,0.0,0.0,0.0,0.0,0.0,0.0,0.0,0.0,0.0,0.0,0.0,0.0,0.0
z_rho_U,4,0.0,1.0,1.0,1.0,1.0,1.0,1.0,1.0,1.0,1.0,1.0,1.0,1.0,1.0,1.0,1.0,1.0,1.0,1.0,1.0,1.0,1.0,1.0,1.0
z_rho_U,4,0.0,0.0,0.0,0.0,0.0,0.0,0.0,0.0,0.0,0.0,1.0,1.0,1.0,1.0,1.0,1.0,1.0,1.0,1.0,1.0,0.0,0.0,0.0,0.0
z_rho_U,4,0.0,0.0,0.0,0.0,0.0,0.0,0.0,0.0,0.0,0.0,0.0,0.0,0.0,0.0,0.0,0.0,0.0,0.0,0.0,0.0,0.0,0.0,0.0,0.0
z_rho_U,4,0.0,0.0,0.0,0.0,0.0,0.0,0.0,0.0,0.0,0.0,0.0,0.0,0.0,0.0,0.0,0.0,0.0,0.0,0.0,0.0,0.0,0.0,0.0,0.0
z_rho_U,4,0.0,0.0,0.0,0.0,0.0,0.0,0.0,0.0,0.0,0.0,0.0,0.0,0.0,0.0,0.0,0.0,0.0,0.0,0.0,0.0,0.0,0.0,0.0,0.0
z_rho_U,5,1.0,1.0,1.0,1.0,1.0,1.0,1.0,1.0,1.0,1.0,1.0,1.0,1.0,1.0,1.0,1.0,1.0,1.0,1.0,1.0,1.0,1.0,1.0,1.0
z_rho_U,5,1.0,1.0,1.0,1.0,1.0,1.0,1.0,1.0,1.0,1.0,1.0,1.0,1.0,1.0,1.0,1.0,1.0,1.0,1.0,1.0,1.0,1.0,1.0,1.0
z_rho_U,5,0.0,0.0,0.0,0.0,0.0,0.0,1.0,1.0,1.0,1.0,1.0,1.0,1.0,1.0,1.0,1.0,1.0,1.0,1.0,1.0,1.0,0.0,0.0,0.0
z_rho_U,5,0.0,0.0,0.0,0.0,0.0,0.0,0.0,0.0,0.0,0.0,0.0,0.0,0.0,0.0,1.0,0.0,0.0,0.0,0.0,0.0,0.0,0.0,0.0,0.0
z_rho_U,5,0.0,0.0,0.0,0.0,0.0,0.0,0.0,0.0,0.0,0.0,0.0,0.0,0.0,0.0,0.0,0.0,0.0,0.0,0.0,0.0,0.0,0.0,0.0,0.0
